heldout_country,site_key,source_index,country,true_class,role
USA,44.866399_-0.556044,0,France,shipyard,train
USA,47.283331_-2.199999,1,France,shipyard,train
USA,43.136464_0.937719,2,France,solar_farm,train
USA,44.015300_6.008086,3,France,solar_farm,train
USA,43.727183_3.838278,4,France,solar_farm,train
USA,44.014764_6.003603,5,France,solar_farm,train
USA,43.333950_-0.363652,6,France,solar_farm,train
USA,47.091285_-1.197665,7,France,solar_farm,train
USA,49.334668_4.584361,10,France,solar_farm,train
USA,44.896459_-0.567755,11,France,solar_farm,train
USA,43.295327_3.214010,13,France,solar_farm,train
USA,44.896804_-0.574191,14,France,solar_farm,train
USA,50.364990_2.816282,15,France,solar_farm,train
USA,47.217499_-1.367997,16,France,solar_farm,train
USA,43.628324_7.034348,17,France,solar_farm,train
USA,47.222910_-1.362732,18,France,solar_farm,train
USA,44.010706_6.016077,20,France,solar_farm,train
USA,43.761875_5.984870,21,France,solar_farm,train
USA,47.419459_-0.619467,22,France,storage_tank,train
USA,43.656845_-0.787373,23,France,storage_tank,train
USA,49.776209_1.756088,24,France,storage_tank,train
USA,43.496161_5.178906,25,France,storage_tank,train
USA,49.485409_0.227812,27,France,storage_tank,train
USA,49.465549_-1.326348,28,France,storage_tank,train
USA,49.485885_0.245399,30,France,storage_tank,train
USA,45.040764_-0.605766,31,France,storage_tank,train
USA,48.532683_-1.289824,32,France,storage_tank,train
USA,51.001699_2.325931,34,France,storage_tank,train
USA,48.551221_-0.408402,35,France,storage_tank,train
USA,46.891062_2.582140,36,France,storage_tank,train
USA,45.711027_4.836952,37,France,storage_tank,train
USA,48.942272_-0.355211,38,France,storage_tank,train
USA,43.444855_4.927504,39,France,storage_tank,train
USA,48.532491_-0.467978,40,France,storage_tank,train
USA,47.279033_-2.201425,42,France,storage_tank,train
USA,45.677385_4.841782,43,France,storage_tank,train
USA,48.571399_-1.318554,44,France,storage_tank,train
USA,43.387666_5.015223,46,France,storage_tank,train
USA,43.229733_5.395398,47,France,storage_tank,train
USA,47.977956_2.953103,48,France,storage_tank,train
USA,45.682848_4.853636,50,France,storage_tank,train
USA,51.001543_2.322088,51,France,storage_tank,train
USA,43.454126_4.920226,52,France,storage_tank,train
USA,45.612430_5.111326,53,France,storage_tank,train
USA,48.460088_1.748392,54,France,storage_tank,train
USA,44.999006_-0.550148,55,France,storage_tank,train
USA,49.586945_2.985051,56,France,storage_tank,train
USA,51.016271_2.149812,57,France,storage_tank,train
USA,43.326005_3.039192,59,France,storage_tank,train
USA,48.093116_1.884027,60,France,storage_tank,train
USA,45.120575_5.710559,62,France,storage_tank,train
USA,43.586420_-0.380835,63,France,storage_tank,train
USA,49.057712_-0.637465,64,France,storage_tank,train
USA,43.338650_5.163035,65,France,storage_tank,train
USA,48.849184_-0.868892,66,France,storage_tank,train
USA,49.863559_2.226690,68,France,storage_tank,train
USA,49.046804_0.365341,69,France,storage_tank,train
USA,45.706999_4.845425,70,France,storage_tank,train
USA,49.835228_3.484371,71,France,storage_tank,train
USA,43.208645_0.004156,72,France,storage_tank,train
USA,43.248195_5.419452,74,France,storage_tank,train
USA,48.589634_2.948381,75,France,storage_tank,train
USA,43.466821_4.918467,76,France,storage_tank,train
USA,49.742802_3.052392,77,France,storage_tank,train
USA,49.485085_0.249991,78,France,storage_tank,train
USA,47.097430_2.504993,80,France,storage_tank,train
USA,44.990332_-0.538217,81,France,storage_tank,train
USA,48.978012_1.787862,82,France,storage_tank,train
USA,43.390422_4.993744,83,France,storage_tank,train
USA,47.773182_7.427498,84,France,storage_tank,train
USA,46.804046_4.867701,85,France,storage_tank,train
USA,49.311664_2.330495,86,France,storage_tank,train
USA,43.378014_5.023551,89,France,storage_tank,train
USA,49.705677_2.792838,90,France,storage_tank,train
USA,49.410489_1.021670,91,France,storage_tank,train
USA,46.600490_-1.445926,92,France,water_treatment_facility,train
USA,46.788767_-0.914567,93,France,water_treatment_facility,train
USA,43.847996_0.094773,94,France,water_treatment_facility,train
USA,49.334705_2.680168,95,France,water_treatment_facility,train
USA,47.285245_-0.853568,97,France,water_treatment_facility,train
USA,47.970393_-0.229281,98,France,water_treatment_facility,train
USA,47.818682_1.747662,100,France,water_treatment_facility,train
USA,49.350132_1.197989,101,France,water_treatment_facility,train
USA,46.798121_5.692149,102,France,water_treatment_facility,train
USA,47.493001_-1.427019,103,France,water_treatment_facility,train
USA,47.018740_-1.573167,104,France,water_treatment_facility,train
USA,44.189051_1.611161,105,France,water_treatment_facility,train
USA,42.563377_2.974677,106,France,water_treatment_facility,train
USA,47.218819_-1.038942,107,France,water_treatment_facility,train
USA,46.957983_-1.757572,109,France,water_treatment_facility,train
USA,47.179049_-0.881632,110,France,water_treatment_facility,train
USA,43.193774_3.069280,112,France,water_treatment_facility,train
USA,47.665273_-0.247029,113,France,water_treatment_facility,train
USA,47.103063_-1.298665,114,France,water_treatment_facility,train
USA,48.103940_0.578190,115,France,water_treatment_facility,train
USA,43.524330_1.526862,116,France,water_treatment_facility,train
USA,48.562870_-1.516299,117,France,water_treatment_facility,train
USA,45.595525_-0.838359,118,France,water_treatment_facility,train
USA,48.027224_0.334646,119,France,water_treatment_facility,train
USA,45.039892_0.358968,120,France,water_treatment_facility,train
USA,49.194311_1.217053,123,France,water_treatment_facility,train
USA,50.293491_3.560201,124,France,water_treatment_facility,train
USA,46.118996_1.043420,125,France,water_treatment_facility,train
USA,45.767690_5.220771,126,France,water_treatment_facility,train
USA,46.021922_-1.175701,127,France,water_treatment_facility,train
USA,49.602960_3.217088,129,France,water_treatment_facility,train
USA,50.638998_2.706795,130,France,water_treatment_facility,train
USA,49.217809_2.144668,132,France,water_treatment_facility,train
USA,43.632901_6.950386,133,France,water_treatment_facility,train
USA,48.374072_6.483879,135,France,wind_farm,train
USA,49.879807_3.275062,136,France,wind_farm,train
USA,43.444008_4.786773,137,France,wind_farm,train
USA,48.480739_4.001280,138,France,wind_farm,train
USA,44.154035_2.805520,139,France,wind_farm,train
USA,48.411747_-3.274064,140,France,wind_farm,train
USA,47.538764_-1.568863,141,France,wind_farm,train
USA,48.669263_4.033527,144,France,wind_farm,train
USA,45.998048_-0.751855,146,France,wind_farm,train
USA,49.149084_6.968704,147,France,wind_farm,train
USA,48.191045_2.223166,148,France,wind_farm,train
USA,44.726421_37.779622,149,Russia,shipyard,train
USA,42.799999_132.883333,150,Russia,shipyard,train
USA,43.112019_131.907748,151,Russia,shipyard,train
USA,59.890931_30.226904,153,Russia,shipyard,train
USA,51.773262_87.609073,154,Russia,solar_farm,train
USA,50.829257_36.480701,155,Russia,solar_farm,train
USA,44.846376_41.320854,156,Russia,storage_tank,train
USA,59.487917_32.070785,157,Russia,storage_tank,train
USA,48.498724_135.042073,158,Russia,storage_tank,train
USA,55.117602_73.260325,159,Russia,storage_tank,train
USA,54.788849_83.075834,161,Russia,storage_tank,train
USA,50.633042_137.063339,162,Russia,storage_tank,train
USA,52.533514_103.938180,163,Russia,storage_tank,train
USA,44.099604_39.091257,164,Russia,storage_tank,train
USA,56.299865_38.162021,165,Russia,storage_tank,train
USA,42.784266_132.882159,166,Russia,storage_tank,train
USA,54.884065_56.089199,167,Russia,storage_tank,train
USA,48.502513_44.617834,168,Russia,storage_tank,train
USA,53.235716_50.459910,169,Russia,storage_tank,train
USA,56.754850_60.794063,172,Russia,storage_tank,train
USA,57.030536_34.982634,173,Russia,storage_tank,train
USA,55.600385_51.978759,174,Russia,storage_tank,train
USA,55.349146_85.966475,175,Russia,storage_tank,train
USA,56.794427_36.010626,176,Russia,storage_tank,train
USA,56.123578_44.111452,177,Russia,storage_tank,train
USA,56.868378_59.059753,178,Russia,storage_tank,train
USA,59.479440_32.068992,179,Russia,storage_tank,train
USA,43.011956_47.458962,181,Russia,storage_tank,train
USA,45.020722_39.056033,182,Russia,storage_tank,train
USA,53.371476_83.938630,183,Russia,storage_tank,train
USA,57.753338_41.026518,185,Russia,storage_tank,train
USA,52.721856_58.712551,188,Russia,storage_tank,train
USA,50.830138_115.810901,189,Russia,storage_tank,train
USA,56.824720_60.682637,190,Russia,storage_tank,train
USA,49.749988_43.670979,191,Russia,storage_tank,train
USA,50.445502_136.900002,192,Russia,storage_tank,train
USA,59.685054_56.680902,193,Russia,storage_tank,train
USA,56.871634_60.580238,194,Russia,storage_tank,train
USA,50.599120_36.616140,197,Russia,storage_tank,train
USA,46.332126_48.083914,198,Russia,storage_tank,train
USA,56.012131_92.945233,199,Russia,storage_tank,train
USA,59.478848_32.076234,200,Russia,storage_tank,train
USA,53.029708_49.425459,201,Russia,storage_tank,train
USA,56.459929_90.549553,202,Russia,storage_tank,train
USA,54.909343_56.169724,203,Russia,storage_tank,train
USA,52.508462_103.934733,205,Russia,storage_tank,train
USA,55.002274_82.649259,206,Russia,storage_tank,train
USA,43.106429_131.999653,207,Russia,water_treatment_facility,train
USA,53.854116_50.292270,208,Russia,water_treatment_facility,train
USA,53.166435_91.480051,209,Russia,water_treatment_facility,train
USA,55.585299_37.757755,211,Russia,water_treatment_facility,train
USA,56.259723_93.520461,212,Russia,water_treatment_facility,train
USA,46.668521_38.317766,213,Russia,water_treatment_facility,train
USA,54.746390_61.291026,215,Russia,water_treatment_facility,train
USA,50.828355_60.999370,216,Russia,water_treatment_facility,train
USA,57.446177_41.169161,217,Russia,water_treatment_facility,train
USA,53.239039_44.952723,218,Russia,water_treatment_facility,train
USA,57.601444_48.986077,219,Russia,water_treatment_facility,train
USA,57.784739_29.551265,221,Russia,water_treatment_facility,train
USA,56.160967_93.349023,222,Russia,water_treatment_facility,train
USA,51.262943_37.665852,223,Russia,water_treatment_facility,train
USA,59.934823_31.002736,224,Russia,water_treatment_facility,train
USA,56.364587_38.604365,226,Russia,water_treatment_facility,train
USA,56.125567_37.068042,228,Russia,water_treatment_facility,train
USA,54.939153_38.041926,229,Russia,water_treatment_facility,train
USA,55.416131_36.719637,230,Russia,water_treatment_facility,train
USA,51.290758_37.728686,231,Russia,water_treatment_facility,train
USA,59.149561_57.555837,232,Russia,water_treatment_facility,train
USA,54.578822_54.250386,234,Russia,wind_farm,train
USA,48.450551_135.156620,235,Russia,wind_farm,train
USA,54.936562_20.371818,236,Russia,wind_farm,train
USA,48.450151_135.156627,237,Russia,wind_farm,train
USA,56.730816_37.118046,238,Russia,wind_farm,train
USA,45.672319_0.365111,8,France,solar_farm,validation
USA,45.746102_2.138279,9,France,solar_farm,validation
USA,45.664030_0.362110,12,France,solar_farm,validation
USA,43.318946_3.410964,19,France,solar_farm,validation
USA,47.739805_-3.359991,26,France,storage_tank,validation
USA,47.316888_-2.059731,29,France,storage_tank,validation
USA,49.378991_1.013750,33,France,storage_tank,validation
USA,48.508723_-0.356144,41,France,storage_tank,validation
USA,47.230151_-1.677572,45,France,storage_tank,validation
USA,47.800509_2.997884,49,France,storage_tank,validation
USA,44.434110_0.148912,58,France,storage_tank,validation
USA,43.291031_2.763704,61,France,storage_tank,validation
USA,49.323471_-0.386340,67,France,storage_tank,validation
USA,48.665572_1.968093,73,France,storage_tank,validation
USA,47.387091_0.749351,79,France,storage_tank,validation
USA,45.573008_4.923576,87,France,storage_tank,validation
USA,47.982978_-2.595344,88,France,storage_tank,validation
USA,48.499347_2.792728,96,France,water_treatment_facility,validation
USA,44.440751_0.608935,99,France,water_treatment_facility,validation
USA,47.870928_2.656590,108,France,water_treatment_facility,validation
USA,48.717740_5.660334,111,France,water_treatment_facility,validation
USA,49.940740_3.408270,121,France,water_treatment_facility,validation
USA,47.288652_-0.921221,122,France,water_treatment_facility,validation
USA,49.874594_1.146518,128,France,water_treatment_facility,validation
USA,47.503786_-0.526284,131,France,water_treatment_facility,validation
USA,48.444196_-4.728271,134,France,water_treatment_facility,validation
USA,43.620035_4.767153,142,France,wind_farm,validation
USA,47.212763_-0.550262,143,France,wind_farm,validation
USA,48.467787_3.822325,145,France,wind_farm,validation
USA,60.000083_29.704335,152,Russia,shipyard,validation
USA,52.812667_79.889436,160,Russia,storage_tank,validation
USA,44.717600_44.998090,170,Russia,storage_tank,validation
USA,55.078505_73.253658,171,Russia,storage_tank,validation
USA,58.993108_55.934760,180,Russia,storage_tank,validation
USA,55.329815_64.512082,184,Russia,storage_tank,validation
USA,54.932757_56.067474,186,Russia,storage_tank,validation
USA,52.781604_103.615503,187,Russia,storage_tank,validation
USA,55.081884_73.245985,195,Russia,storage_tank,validation
USA,53.428382_55.887142,196,Russia,storage_tank,validation
USA,60.340024_28.725355,204,Russia,storage_tank,validation
USA,56.033153_39.983698,210,Russia,water_treatment_facility,validation
USA,60.015364_29.726817,214,Russia,water_treatment_facility,validation
USA,59.761696_30.606081,220,Russia,water_treatment_facility,validation
USA,57.728987_40.986732,225,Russia,water_treatment_facility,validation
USA,55.862167_39.067405,227,Russia,water_treatment_facility,validation
USA,57.508850_60.250245,233,Russia,water_treatment_facility,validation
USA,44.275361_-68.313382,239,USA,shipyard,test
USA,30.075694_-94.088092,240,USA,shipyard,test
USA,38.096501_-122.265953,241,USA,shipyard,test
USA,30.338308_-81.627843,242,USA,shipyard,test
USA,40.517480_-74.246335,243,USA,shipyard,test
USA,43.655386_-70.250666,244,USA,shipyard,test
USA,29.860601_-93.940398,245,USA,shipyard,test
USA,33.744488_-118.195944,246,USA,shipyard,test
USA,37.808193_-122.333810,247,USA,shipyard,test
USA,47.586195_-122.352989,248,USA,shipyard,test
USA,40.761659_-74.020873,249,USA,shipyard,test
USA,47.271102_-122.417618,250,USA,shipyard,test
USA,30.711765_-88.041952,251,USA,shipyard,test
USA,40.666665_-74.016666,252,USA,shipyard,test
USA,45.565944_-122.725654,253,USA,shipyard,test
USA,38.364024_-105.101136,254,USA,solar_farm,test
USA,33.305800_-112.849293,255,USA,solar_farm,test
USA,39.701950_-121.769948,256,USA,solar_farm,test
USA,39.560602_-77.713995,257,USA,solar_farm,test
USA,39.777126_-75.122879,258,USA,solar_farm,test
USA,33.731619_-116.390567,259,USA,solar_farm,test
USA,40.048148_-105.180467,260,USA,solar_farm,test
USA,39.969312_-74.897232,261,USA,solar_farm,test
USA,32.191540_-110.867734,262,USA,solar_farm,test
USA,38.560702_-121.576735,263,USA,solar_farm,test
USA,33.616118_-112.312433,264,USA,solar_farm,test
USA,32.116197_-110.791393,265,USA,solar_farm,test
USA,40.632034_-122.319682,266,USA,solar_farm,test
USA,39.570559_-119.799925,267,USA,solar_farm,test
USA,32.191837_-110.879693,268,USA,solar_farm,test
USA,28.516850_-80.649535,269,USA,solar_farm,test
USA,37.958036_-121.986327,270,USA,solar_farm,test
USA,38.756408_-104.751520,271,USA,solar_farm,test
USA,38.582248_-121.732979,272,USA,solar_farm,test
USA,32.191877_-110.884998,273,USA,solar_farm,test
USA,33.764399_-117.017133,274,USA,solar_farm,test
USA,40.560672_-74.551324,275,USA,solar_farm,test
USA,45.544577_-122.961161,276,USA,solar_farm,test
USA,30.237066_-97.512209,277,USA,solar_farm,test
USA,47.031688_-103.098890,278,USA,storage_tank,test
USA,21.300953_-157.681170,279,USA,storage_tank,test
USA,39.725871_-86.312317,280,USA,storage_tank,test
USA,38.239389_-117.362761,281,USA,storage_tank,test
USA,34.262466_-118.674851,282,USA,storage_tank,test
USA,35.690697_-120.335137,283,USA,storage_tank,test
USA,35.047913_-120.538831,284,USA,storage_tank,test
USA,35.525035_-97.590057,285,USA,storage_tank,test
USA,37.443386_-122.283252,286,USA,storage_tank,test
USA,41.144494_-83.444229,287,USA,storage_tank,test
USA,20.675243_-156.435107,288,USA,storage_tank,test
USA,37.487721_-119.957840,289,USA,storage_tank,test
USA,33.878652_-112.143764,290,USA,storage_tank,test
USA,38.009167_-121.909939,291,USA,storage_tank,test
USA,35.361549_-120.835929,292,USA,storage_tank,test
USA,34.214579_-118.921160,293,USA,storage_tank,test
USA,40.651474_-74.100225,294,USA,storage_tank,test
USA,43.627712_-70.265129,295,USA,storage_tank,test
USA,40.711528_-112.054500,296,USA,storage_tank,test
USA,33.537069_-117.725581,297,USA,storage_tank,test
USA,38.035712_-121.892469,298,USA,storage_tank,test
USA,37.651985_-122.472744,299,USA,storage_tank,test
USA,34.914902_-117.951169,300,USA,storage_tank,test
USA,40.705597_-73.311152,301,USA,storage_tank,test
USA,35.467950_-120.730519,302,USA,storage_tank,test
USA,41.298722_-72.906591,303,USA,storage_tank,test
USA,40.545047_-74.239757,304,USA,storage_tank,test
USA,44.310316_-69.823081,305,USA,storage_tank,test
USA,40.551718_-74.222938,306,USA,storage_tank,test
USA,39.993752_-74.206308,307,USA,storage_tank,test
USA,38.023910_-122.129098,308,USA,storage_tank,test
USA,35.444721_-120.547395,309,USA,storage_tank,test
USA,27.974025_-82.766734,310,USA,storage_tank,test
USA,42.273699_-83.407786,311,USA,storage_tank,test
USA,20.883144_-156.512724,312,USA,storage_tank,test
USA,38.072451_-122.546587,313,USA,storage_tank,test
USA,33.768800_-116.453958,314,USA,storage_tank,test
USA,33.764716_-116.688772,315,USA,storage_tank,test
USA,32.844035_-104.394494,316,USA,storage_tank,test
USA,42.043273_-71.051779,317,USA,storage_tank,test
USA,32.501098_-94.846091,318,USA,storage_tank,test
USA,33.565242_-117.697602,319,USA,storage_tank,test
USA,40.845644_-75.068021,320,USA,storage_tank,test
USA,24.566117_-81.796010,321,USA,storage_tank,test
USA,37.931314_-122.400790,322,USA,storage_tank,test
USA,33.723125_-117.168025,323,USA,storage_tank,test
USA,42.282505_-87.896216,324,USA,storage_tank,test
USA,34.729152_-86.621551,325,USA,storage_tank,test
USA,37.494538_-105.006639,326,USA,storage_tank,test
USA,28.022404_-82.429918,327,USA,storage_tank,test
USA,40.148474_-74.743093,328,USA,storage_tank,test
USA,38.003515_-121.935170,329,USA,storage_tank,test
USA,39.918477_-75.195706,330,USA,storage_tank,test
USA,33.693213_-117.415638,331,USA,storage_tank,test
USA,33.767055_-117.508000,332,USA,storage_tank,test
USA,32.814472_-115.679504,333,USA,storage_tank,test
USA,35.721535_-101.420266,334,USA,storage_tank,test
USA,32.844813_-104.390004,335,USA,storage_tank,test
USA,35.406372_-120.863246,336,USA,storage_tank,test
USA,42.390642_-87.876276,337,USA,storage_tank,test
USA,38.298102_-87.560989,338,USA,storage_tank,test
USA,28.019032_-82.721838,339,USA,storage_tank,test
USA,33.284455_-117.388179,340,USA,storage_tank,test
USA,41.415336_-88.189319,341,USA,storage_tank,test
USA,41.661026_-73.905199,342,USA,storage_tank,test
USA,34.846228_-120.425032,343,USA,storage_tank,test
USA,63.930198_-145.766825,344,USA,storage_tank,test
USA,33.954091_-117.285205,345,USA,storage_tank,test
USA,21.361726_-158.084367,346,USA,storage_tank,test
USA,40.511929_-80.223701,347,USA,storage_tank,test
USA,37.502216_-121.904108,348,USA,storage_tank,test
USA,43.625620_-70.268359,349,USA,storage_tank,test
USA,34.303658_-118.710417,350,USA,storage_tank,test
USA,30.422350_-89.062476,351,USA,storage_tank,test
USA,41.374612_-79.818219,352,USA,water_treatment_facility,test
USA,39.291197_-83.979841,353,USA,water_treatment_facility,test
USA,42.330671_-77.308159,354,USA,water_treatment_facility,test
USA,35.455450_-77.666689,355,USA,water_treatment_facility,test
USA,41.325473_-81.337842,356,USA,water_treatment_facility,test
USA,44.745151_-92.846727,357,USA,water_treatment_facility,test
USA,20.896212_-156.456172,358,USA,water_treatment_facility,test
USA,29.947522_-90.347714,359,USA,water_treatment_facility,test
USA,41.351630_-83.790041,360,USA,water_treatment_facility,test
USA,37.287764_-93.341008,361,USA,water_treatment_facility,test
USA,28.925642_-81.938217,362,USA,water_treatment_facility,test
USA,33.358664_-112.582836,363,USA,water_treatment_facility,test
USA,35.037514_-81.029527,364,USA,water_treatment_facility,test
USA,42.145498_-72.695382,365,USA,water_treatment_facility,test
USA,41.172326_-73.173383,366,USA,water_treatment_facility,test
USA,42.068670_-88.002121,367,USA,water_treatment_facility,test
USA,45.426902_-122.376396,368,USA,water_treatment_facility,test
USA,39.425914_-77.381248,369,USA,water_treatment_facility,test
USA,37.519791_-120.930498,370,USA,water_treatment_facility,test
USA,43.342398_-78.686213,371,USA,water_treatment_facility,test
USA,33.231582_-117.392437,372,USA,water_treatment_facility,test
USA,32.627135_-85.543848,373,USA,water_treatment_facility,test
USA,35.098674_-106.687802,374,USA,water_treatment_facility,test
USA,38.739167_-105.179190,375,USA,water_treatment_facility,test
USA,41.743573_-81.260599,376,USA,water_treatment_facility,test
USA,29.336769_-99.129641,377,USA,water_treatment_facility,test
USA,35.169475_-103.738504,378,USA,wind_farm,test
USA,41.869850_-98.019646,379,USA,wind_farm,test
USA,42.763498_-115.006560,380,USA,wind_farm,test
USA,44.502953_-96.652001,381,USA,wind_farm,test
USA,32.236456_-100.205927,382,USA,wind_farm,test
USA,40.983337_-103.466788,383,USA,wind_farm,test
USA,32.937027_-101.336378,384,USA,wind_farm,test
USA,35.099286_-118.338726,385,USA,wind_farm,test
USA,32.022894_-100.946904,386,USA,wind_farm,test
USA,34.810526_-105.139463,387,USA,wind_farm,test
USA,35.074249_-118.375447,388,USA,wind_farm,test
USA,32.303651_-100.043093,389,USA,wind_farm,test
USA,35.065367_-118.341906,390,USA,wind_farm,test
USA,46.266179_-109.494802,391,USA,wind_farm,test
USA,32.001717_-100.983613,392,USA,wind_farm,test
USA,35.056823_-118.385491,393,USA,wind_farm,test
USA,41.167225_-88.689717,394,USA,wind_farm,test
USA,40.692209_-87.486286,395,USA,wind_farm,test
USA,32.650481_-99.473407,396,USA,wind_farm,test
USA,32.603353_-100.701232,397,USA,wind_farm,test
USA,35.262854_-118.200245,398,USA,wind_farm,test
USA,45.378254_-70.536428,399,USA,wind_farm,test
France,44.726421_37.779622,149,Russia,shipyard,train
France,42.799999_132.883333,150,Russia,shipyard,train
France,43.112019_131.907748,151,Russia,shipyard,train
France,60.000083_29.704335,152,Russia,shipyard,train
France,59.890931_30.226904,153,Russia,shipyard,train
France,51.773262_87.609073,154,Russia,solar_farm,train
France,44.846376_41.320854,156,Russia,storage_tank,train
France,48.498724_135.042073,158,Russia,storage_tank,train
France,55.117602_73.260325,159,Russia,storage_tank,train
France,52.812667_79.889436,160,Russia,storage_tank,train
France,50.633042_137.063339,162,Russia,storage_tank,train
France,52.533514_103.938180,163,Russia,storage_tank,train
France,44.099604_39.091257,164,Russia,storage_tank,train
France,56.299865_38.162021,165,Russia,storage_tank,train
France,42.784266_132.882159,166,Russia,storage_tank,train
France,54.884065_56.089199,167,Russia,storage_tank,train
France,48.502513_44.617834,168,Russia,storage_tank,train
France,44.717600_44.998090,170,Russia,storage_tank,train
France,55.078505_73.253658,171,Russia,storage_tank,train
France,57.030536_34.982634,173,Russia,storage_tank,train
France,55.600385_51.978759,174,Russia,storage_tank,train
France,56.794427_36.010626,176,Russia,storage_tank,train
France,56.123578_44.111452,177,Russia,storage_tank,train
France,56.868378_59.059753,178,Russia,storage_tank,train
France,58.993108_55.934760,180,Russia,storage_tank,train
France,43.011956_47.458962,181,Russia,storage_tank,train
France,45.020722_39.056033,182,Russia,storage_tank,train
France,53.371476_83.938630,183,Russia,storage_tank,train
France,55.329815_64.512082,184,Russia,storage_tank,train
France,54.932757_56.067474,186,Russia,storage_tank,train
France,52.781604_103.615503,187,Russia,storage_tank,train
France,50.830138_115.810901,189,Russia,storage_tank,train
France,56.824720_60.682637,190,Russia,storage_tank,train
France,49.749988_43.670979,191,Russia,storage_tank,train
France,50.445502_136.900002,192,Russia,storage_tank,train
France,59.685054_56.680902,193,Russia,storage_tank,train
France,56.871634_60.580238,194,Russia,storage_tank,train
France,55.081884_73.245985,195,Russia,storage_tank,train
France,53.428382_55.887142,196,Russia,storage_tank,train
France,50.599120_36.616140,197,Russia,storage_tank,train
France,53.029708_49.425459,201,Russia,storage_tank,train
France,56.459929_90.549553,202,Russia,storage_tank,train
France,54.909343_56.169724,203,Russia,storage_tank,train
France,60.340024_28.725355,204,Russia,storage_tank,train
France,52.508462_103.934733,205,Russia,storage_tank,train
France,55.002274_82.649259,206,Russia,storage_tank,train
France,53.166435_91.480051,209,Russia,water_treatment_facility,train
France,56.033153_39.983698,210,Russia,water_treatment_facility,train
France,55.585299_37.757755,211,Russia,water_treatment_facility,train
France,56.259723_93.520461,212,Russia,water_treatment_facility,train
France,60.015364_29.726817,214,Russia,water_treatment_facility,train
France,54.746390_61.291026,215,Russia,water_treatment_facility,train
France,50.828355_60.999370,216,Russia,water_treatment_facility,train
France,57.446177_41.169161,217,Russia,water_treatment_facility,train
France,53.239039_44.952723,218,Russia,water_treatment_facility,train
France,57.601444_48.986077,219,Russia,water_treatment_facility,train
France,59.761696_30.606081,220,Russia,water_treatment_facility,train
France,57.784739_29.551265,221,Russia,water_treatment_facility,train
France,56.160967_93.349023,222,Russia,water_treatment_facility,train
France,51.262943_37.665852,223,Russia,water_treatment_facility,train
France,59.934823_31.002736,224,Russia,water_treatment_facility,train
France,57.728987_40.986732,225,Russia,water_treatment_facility,train
France,55.862167_39.067405,227,Russia,water_treatment_facility,train
France,56.125567_37.068042,228,Russia,water_treatment_facility,train
France,54.939153_38.041926,229,Russia,water_treatment_facility,train
France,55.416131_36.719637,230,Russia,water_treatment_facility,train
France,57.508850_60.250245,233,Russia,water_treatment_facility,train
France,54.578822_54.250386,234,Russia,wind_farm,train
France,48.450551_135.156620,235,Russia,wind_farm,train
France,54.936562_20.371818,236,Russia,wind_farm,train
France,48.450151_135.156627,237,Russia,wind_farm,train
France,56.730816_37.118046,238,Russia,wind_farm,train
France,44.275361_-68.313382,239,USA,shipyard,train
France,30.075694_-94.088092,240,USA,shipyard,train
France,30.338308_-81.627843,242,USA,shipyard,train
France,40.517480_-74.246335,243,USA,shipyard,train
France,43.655386_-70.250666,244,USA,shipyard,train
France,33.744488_-118.195944,246,USA,shipyard,train
France,37.808193_-122.333810,247,USA,shipyard,train
France,47.586195_-122.352989,248,USA,shipyard,train
France,40.761659_-74.020873,249,USA,shipyard,train
France,30.711765_-88.041952,251,USA,shipyard,train
France,45.565944_-122.725654,253,USA,shipyard,train
France,38.364024_-105.101136,254,USA,solar_farm,train
France,33.305800_-112.849293,255,USA,solar_farm,train
France,39.701950_-121.769948,256,USA,solar_farm,train
France,39.560602_-77.713995,257,USA,solar_farm,train
France,39.777126_-75.122879,258,USA,solar_farm,train
France,33.731619_-116.390567,259,USA,solar_farm,train
France,39.969312_-74.897232,261,USA,solar_farm,train
France,32.191540_-110.867734,262,USA,solar_farm,train
France,38.560702_-121.576735,263,USA,solar_farm,train
France,33.616118_-112.312433,264,USA,solar_farm,train
France,32.116197_-110.791393,265,USA,solar_farm,train
France,39.570559_-119.799925,267,USA,solar_farm,train
France,32.191837_-110.879693,268,USA,solar_farm,train
France,37.958036_-121.986327,270,USA,solar_farm,train
France,38.756408_-104.751520,271,USA,solar_farm,train
France,32.191877_-110.884998,273,USA,solar_farm,train
France,33.764399_-117.017133,274,USA,solar_farm,train
France,40.560672_-74.551324,275,USA,solar_farm,train
France,45.544577_-122.961161,276,USA,solar_farm,train
France,30.237066_-97.512209,277,USA,solar_farm,train
France,47.031688_-103.098890,278,USA,storage_tank,train
France,21.300953_-157.681170,279,USA,storage_tank,train
France,39.725871_-86.312317,280,USA,storage_tank,train
France,38.239389_-117.362761,281,USA,storage_tank,train
France,34.262466_-118.674851,282,USA,storage_tank,train
France,35.047913_-120.538831,284,USA,storage_tank,train
France,35.525035_-97.590057,285,USA,storage_tank,train
France,37.443386_-122.283252,286,USA,storage_tank,train
France,41.144494_-83.444229,287,USA,storage_tank,train
France,20.675243_-156.435107,288,USA,storage_tank,train
France,37.487721_-119.957840,289,USA,storage_tank,train
France,38.009167_-121.909939,291,USA,storage_tank,train
France,35.361549_-120.835929,292,USA,storage_tank,train
France,34.214579_-118.921160,293,USA,storage_tank,train
France,43.627712_-70.265129,295,USA,storage_tank,train
France,40.711528_-112.054500,296,USA,storage_tank,train
France,33.537069_-117.725581,297,USA,storage_tank,train
France,38.035712_-121.892469,298,USA,storage_tank,train
France,37.651985_-122.472744,299,USA,storage_tank,train
France,40.705597_-73.311152,301,USA,storage_tank,train
France,35.467950_-120.730519,302,USA,storage_tank,train
France,41.298722_-72.906591,303,USA,storage_tank,train
France,40.545047_-74.239757,304,USA,storage_tank,train
France,44.310316_-69.823081,305,USA,storage_tank,train
France,40.551718_-74.222938,306,USA,storage_tank,train
France,38.023910_-122.129098,308,USA,storage_tank,train
France,35.444721_-120.547395,309,USA,storage_tank,train
France,42.273699_-83.407786,311,USA,storage_tank,train
France,20.883144_-156.512724,312,USA,storage_tank,train
France,38.072451_-122.546587,313,USA,storage_tank,train
France,33.764716_-116.688772,315,USA,storage_tank,train
France,32.844035_-104.394494,316,USA,storage_tank,train
France,42.043273_-71.051779,317,USA,storage_tank,train
France,33.565242_-117.697602,319,USA,storage_tank,train
France,40.845644_-75.068021,320,USA,storage_tank,train
France,24.566117_-81.796010,321,USA,storage_tank,train
France,37.931314_-122.400790,322,USA,storage_tank,train
France,33.723125_-117.168025,323,USA,storage_tank,train
France,42.282505_-87.896216,324,USA,storage_tank,train
France,34.729152_-86.621551,325,USA,storage_tank,train
France,28.022404_-82.429918,327,USA,storage_tank,train
France,38.003515_-121.935170,329,USA,storage_tank,train
France,39.918477_-75.195706,330,USA,storage_tank,train
France,33.693213_-117.415638,331,USA,storage_tank,train
France,33.767055_-117.508000,332,USA,storage_tank,train
France,32.814472_-115.679504,333,USA,storage_tank,train
France,35.721535_-101.420266,334,USA,storage_tank,train
France,32.844813_-104.390004,335,USA,storage_tank,train
France,35.406372_-120.863246,336,USA,storage_tank,train
France,42.390642_-87.876276,337,USA,storage_tank,train
France,28.019032_-82.721838,339,USA,storage_tank,train
France,33.284455_-117.388179,340,USA,storage_tank,train
France,41.415336_-88.189319,341,USA,storage_tank,train
France,41.661026_-73.905199,342,USA,storage_tank,train
France,34.846228_-120.425032,343,USA,storage_tank,train
France,33.954091_-117.285205,345,USA,storage_tank,train
France,40.511929_-80.223701,347,USA,storage_tank,train
France,37.502216_-121.904108,348,USA,storage_tank,train
France,43.625620_-70.268359,349,USA,storage_tank,train
France,34.303658_-118.710417,350,USA,storage_tank,train
France,30.422350_-89.062476,351,USA,storage_tank,train
France,41.374612_-79.818219,352,USA,water_treatment_facility,train
France,42.330671_-77.308159,354,USA,water_treatment_facility,train
France,35.455450_-77.666689,355,USA,water_treatment_facility,train
France,41.325473_-81.337842,356,USA,water_treatment_facility,train
France,20.896212_-156.456172,358,USA,water_treatment_facility,train
France,29.947522_-90.347714,359,USA,water_treatment_facility,train
France,41.351630_-83.790041,360,USA,water_treatment_facility,train
France,37.287764_-93.341008,361,USA,water_treatment_facility,train
France,28.925642_-81.938217,362,USA,water_treatment_facility,train
France,35.037514_-81.029527,364,USA,water_treatment_facility,train
France,42.145498_-72.695382,365,USA,water_treatment_facility,train
France,42.068670_-88.002121,367,USA,water_treatment_facility,train
France,45.426902_-122.376396,368,USA,water_treatment_facility,train
France,43.342398_-78.686213,371,USA,water_treatment_facility,train
France,33.231582_-117.392437,372,USA,water_treatment_facility,train
France,32.627135_-85.543848,373,USA,water_treatment_facility,train
France,35.098674_-106.687802,374,USA,water_treatment_facility,train
France,41.743573_-81.260599,376,USA,water_treatment_facility,train
France,29.336769_-99.129641,377,USA,water_treatment_facility,train
France,35.169475_-103.738504,378,USA,wind_farm,train
France,41.869850_-98.019646,379,USA,wind_farm,train
France,42.763498_-115.006560,380,USA,wind_farm,train
France,44.502953_-96.652001,381,USA,wind_farm,train
France,40.983337_-103.466788,383,USA,wind_farm,train
France,32.937027_-101.336378,384,USA,wind_farm,train
France,35.099286_-118.338726,385,USA,wind_farm,train
France,32.022894_-100.946904,386,USA,wind_farm,train
France,34.810526_-105.139463,387,USA,wind_farm,train
France,35.074249_-118.375447,388,USA,wind_farm,train
France,32.303651_-100.043093,389,USA,wind_farm,train
France,35.065367_-118.341906,390,USA,wind_farm,train
France,46.266179_-109.494802,391,USA,wind_farm,train
France,35.056823_-118.385491,393,USA,wind_farm,train
France,40.692209_-87.486286,395,USA,wind_farm,train
France,32.650481_-99.473407,396,USA,wind_farm,train
France,32.603353_-100.701232,397,USA,wind_farm,train
France,35.262854_-118.200245,398,USA,wind_farm,train
France,50.829257_36.480701,155,Russia,solar_farm,validation
France,59.487917_32.070785,157,Russia,storage_tank,validation
France,54.788849_83.075834,161,Russia,storage_tank,validation
France,53.235716_50.459910,169,Russia,storage_tank,validation
France,56.754850_60.794063,172,Russia,storage_tank,validation
France,55.349146_85.966475,175,Russia,storage_tank,validation
France,59.479440_32.068992,179,Russia,storage_tank,validation
France,57.753338_41.026518,185,Russia,storage_tank,validation
France,52.721856_58.712551,188,Russia,storage_tank,validation
France,46.332126_48.083914,198,Russia,storage_tank,validation
France,56.012131_92.945233,199,Russia,storage_tank,validation
France,59.478848_32.076234,200,Russia,storage_tank,validation
France,43.106429_131.999653,207,Russia,water_treatment_facility,validation
France,53.854116_50.292270,208,Russia,water_treatment_facility,validation
France,46.668521_38.317766,213,Russia,water_treatment_facility,validation
France,56.364587_38.604365,226,Russia,water_treatment_facility,validation
France,51.290758_37.728686,231,Russia,water_treatment_facility,validation
France,59.149561_57.555837,232,Russia,water_treatment_facility,validation
France,38.096501_-122.265953,241,USA,shipyard,validation
France,29.860601_-93.940398,245,USA,shipyard,validation
France,47.271102_-122.417618,250,USA,shipyard,validation
France,40.666665_-74.016666,252,USA,shipyard,validation
France,40.048148_-105.180467,260,USA,solar_farm,validation
France,40.632034_-122.319682,266,USA,solar_farm,validation
France,28.516850_-80.649535,269,USA,solar_farm,validation
France,38.582248_-121.732979,272,USA,solar_farm,validation
France,35.690697_-120.335137,283,USA,storage_tank,validation
France,33.878652_-112.143764,290,USA,storage_tank,validation
France,40.651474_-74.100225,294,USA,storage_tank,validation
France,34.914902_-117.951169,300,USA,storage_tank,validation
France,39.993752_-74.206308,307,USA,storage_tank,validation
France,27.974025_-82.766734,310,USA,storage_tank,validation
France,33.768800_-116.453958,314,USA,storage_tank,validation
France,32.501098_-94.846091,318,USA,storage_tank,validation
France,37.494538_-105.006639,326,USA,storage_tank,validation
France,40.148474_-74.743093,328,USA,storage_tank,validation
France,38.298102_-87.560989,338,USA,storage_tank,validation
France,63.930198_-145.766825,344,USA,storage_tank,validation
France,21.361726_-158.084367,346,USA,storage_tank,validation
France,39.291197_-83.979841,353,USA,water_treatment_facility,validation
France,44.745151_-92.846727,357,USA,water_treatment_facility,validation
France,33.358664_-112.582836,363,USA,water_treatment_facility,validation
France,41.172326_-73.173383,366,USA,water_treatment_facility,validation
France,39.425914_-77.381248,369,USA,water_treatment_facility,validation
France,37.519791_-120.930498,370,USA,water_treatment_facility,validation
France,38.739167_-105.179190,375,USA,water_treatment_facility,validation
France,32.236456_-100.205927,382,USA,wind_farm,validation
France,32.001717_-100.983613,392,USA,wind_farm,validation
France,41.167225_-88.689717,394,USA,wind_farm,validation
France,45.378254_-70.536428,399,USA,wind_farm,validation
France,44.866399_-0.556044,0,France,shipyard,test
France,47.283331_-2.199999,1,France,shipyard,test
France,43.136464_0.937719,2,France,solar_farm,test
France,44.015300_6.008086,3,France,solar_farm,test
France,43.727183_3.838278,4,France,solar_farm,test
France,44.014764_6.003603,5,France,solar_farm,test
France,43.333950_-0.363652,6,France,solar_farm,test
France,47.091285_-1.197665,7,France,solar_farm,test
France,45.672319_0.365111,8,France,solar_farm,test
France,45.746102_2.138279,9,France,solar_farm,test
France,49.334668_4.584361,10,France,solar_farm,test
France,44.896459_-0.567755,11,France,solar_farm,test
France,45.664030_0.362110,12,France,solar_farm,test
France,43.295327_3.214010,13,France,solar_farm,test
France,44.896804_-0.574191,14,France,solar_farm,test
France,50.364990_2.816282,15,France,solar_farm,test
France,47.217499_-1.367997,16,France,solar_farm,test
France,43.628324_7.034348,17,France,solar_farm,test
France,47.222910_-1.362732,18,France,solar_farm,test
France,43.318946_3.410964,19,France,solar_farm,test
France,44.010706_6.016077,20,France,solar_farm,test
France,43.761875_5.984870,21,France,solar_farm,test
France,47.419459_-0.619467,22,France,storage_tank,test
France,43.656845_-0.787373,23,France,storage_tank,test
France,49.776209_1.756088,24,France,storage_tank,test
France,43.496161_5.178906,25,France,storage_tank,test
France,47.739805_-3.359991,26,France,storage_tank,test
France,49.485409_0.227812,27,France,storage_tank,test
France,49.465549_-1.326348,28,France,storage_tank,test
France,47.316888_-2.059731,29,France,storage_tank,test
France,49.485885_0.245399,30,France,storage_tank,test
France,45.040764_-0.605766,31,France,storage_tank,test
France,48.532683_-1.289824,32,France,storage_tank,test
France,49.378991_1.013750,33,France,storage_tank,test
France,51.001699_2.325931,34,France,storage_tank,test
France,48.551221_-0.408402,35,France,storage_tank,test
France,46.891062_2.582140,36,France,storage_tank,test
France,45.711027_4.836952,37,France,storage_tank,test
France,48.942272_-0.355211,38,France,storage_tank,test
France,43.444855_4.927504,39,France,storage_tank,test
France,48.532491_-0.467978,40,France,storage_tank,test
France,48.508723_-0.356144,41,France,storage_tank,test
France,47.279033_-2.201425,42,France,storage_tank,test
France,45.677385_4.841782,43,France,storage_tank,test
France,48.571399_-1.318554,44,France,storage_tank,test
France,47.230151_-1.677572,45,France,storage_tank,test
France,43.387666_5.015223,46,France,storage_tank,test
France,43.229733_5.395398,47,France,storage_tank,test
France,47.977956_2.953103,48,France,storage_tank,test
France,47.800509_2.997884,49,France,storage_tank,test
France,45.682848_4.853636,50,France,storage_tank,test
France,51.001543_2.322088,51,France,storage_tank,test
France,43.454126_4.920226,52,France,storage_tank,test
France,45.612430_5.111326,53,France,storage_tank,test
France,48.460088_1.748392,54,France,storage_tank,test
France,44.999006_-0.550148,55,France,storage_tank,test
France,49.586945_2.985051,56,France,storage_tank,test
France,51.016271_2.149812,57,France,storage_tank,test
France,44.434110_0.148912,58,France,storage_tank,test
France,43.326005_3.039192,59,France,storage_tank,test
France,48.093116_1.884027,60,France,storage_tank,test
France,43.291031_2.763704,61,France,storage_tank,test
France,45.120575_5.710559,62,France,storage_tank,test
France,43.586420_-0.380835,63,France,storage_tank,test
France,49.057712_-0.637465,64,France,storage_tank,test
France,43.338650_5.163035,65,France,storage_tank,test
France,48.849184_-0.868892,66,France,storage_tank,test
France,49.323471_-0.386340,67,France,storage_tank,test
France,49.863559_2.226690,68,France,storage_tank,test
France,49.046804_0.365341,69,France,storage_tank,test
France,45.706999_4.845425,70,France,storage_tank,test
France,49.835228_3.484371,71,France,storage_tank,test
France,43.208645_0.004156,72,France,storage_tank,test
France,48.665572_1.968093,73,France,storage_tank,test
France,43.248195_5.419452,74,France,storage_tank,test
France,48.589634_2.948381,75,France,storage_tank,test
France,43.466821_4.918467,76,France,storage_tank,test
France,49.742802_3.052392,77,France,storage_tank,test
France,49.485085_0.249991,78,France,storage_tank,test
France,47.387091_0.749351,79,France,storage_tank,test
France,47.097430_2.504993,80,France,storage_tank,test
France,44.990332_-0.538217,81,France,storage_tank,test
France,48.978012_1.787862,82,France,storage_tank,test
France,43.390422_4.993744,83,France,storage_tank,test
France,47.773182_7.427498,84,France,storage_tank,test
France,46.804046_4.867701,85,France,storage_tank,test
France,49.311664_2.330495,86,France,storage_tank,test
France,45.573008_4.923576,87,France,storage_tank,test
France,47.982978_-2.595344,88,France,storage_tank,test
France,43.378014_5.023551,89,France,storage_tank,test
France,49.705677_2.792838,90,France,storage_tank,test
France,49.410489_1.021670,91,France,storage_tank,test
France,46.600490_-1.445926,92,France,water_treatment_facility,test
France,46.788767_-0.914567,93,France,water_treatment_facility,test
France,43.847996_0.094773,94,France,water_treatment_facility,test
France,49.334705_2.680168,95,France,water_treatment_facility,test
France,48.499347_2.792728,96,France,water_treatment_facility,test
France,47.285245_-0.853568,97,France,water_treatment_facility,test
France,47.970393_-0.229281,98,France,water_treatment_facility,test
France,44.440751_0.608935,99,France,water_treatment_facility,test
France,47.818682_1.747662,100,France,water_treatment_facility,test
France,49.350132_1.197989,101,France,water_treatment_facility,test
France,46.798121_5.692149,102,France,water_treatment_facility,test
France,47.493001_-1.427019,103,France,water_treatment_facility,test
France,47.018740_-1.573167,104,France,water_treatment_facility,test
France,44.189051_1.611161,105,France,water_treatment_facility,test
France,42.563377_2.974677,106,France,water_treatment_facility,test
France,47.218819_-1.038942,107,France,water_treatment_facility,test
France,47.870928_2.656590,108,France,water_treatment_facility,test
France,46.957983_-1.757572,109,France,water_treatment_facility,test
France,47.179049_-0.881632,110,France,water_treatment_facility,test
France,48.717740_5.660334,111,France,water_treatment_facility,test
France,43.193774_3.069280,112,France,water_treatment_facility,test
France,47.665273_-0.247029,113,France,water_treatment_facility,test
France,47.103063_-1.298665,114,France,water_treatment_facility,test
France,48.103940_0.578190,115,France,water_treatment_facility,test
France,43.524330_1.526862,116,France,water_treatment_facility,test
France,48.562870_-1.516299,117,France,water_treatment_facility,test
France,45.595525_-0.838359,118,France,water_treatment_facility,test
France,48.027224_0.334646,119,France,water_treatment_facility,test
France,45.039892_0.358968,120,France,water_treatment_facility,test
France,49.940740_3.408270,121,France,water_treatment_facility,test
France,47.288652_-0.921221,122,France,water_treatment_facility,test
France,49.194311_1.217053,123,France,water_treatment_facility,test
France,50.293491_3.560201,124,France,water_treatment_facility,test
France,46.118996_1.043420,125,France,water_treatment_facility,test
France,45.767690_5.220771,126,France,water_treatment_facility,test
France,46.021922_-1.175701,127,France,water_treatment_facility,test
France,49.874594_1.146518,128,France,water_treatment_facility,test
France,49.602960_3.217088,129,France,water_treatment_facility,test
France,50.638998_2.706795,130,France,water_treatment_facility,test
France,47.503786_-0.526284,131,France,water_treatment_facility,test
France,49.217809_2.144668,132,France,water_treatment_facility,test
France,43.632901_6.950386,133,France,water_treatment_facility,test
France,48.444196_-4.728271,134,France,water_treatment_facility,test
France,48.374072_6.483879,135,France,wind_farm,test
France,49.879807_3.275062,136,France,wind_farm,test
France,43.444008_4.786773,137,France,wind_farm,test
France,48.480739_4.001280,138,France,wind_farm,test
France,44.154035_2.805520,139,France,wind_farm,test
France,48.411747_-3.274064,140,France,wind_farm,test
France,47.538764_-1.568863,141,France,wind_farm,test
France,43.620035_4.767153,142,France,wind_farm,test
France,47.212763_-0.550262,143,France,wind_farm,test
France,48.669263_4.033527,144,France,wind_farm,test
France,48.467787_3.822325,145,France,wind_farm,test
France,45.998048_-0.751855,146,France,wind_farm,test
France,49.149084_6.968704,147,France,wind_farm,test
France,48.191045_2.223166,148,France,wind_farm,test
Russia,44.866399_-0.556044,0,France,shipyard,train
Russia,43.136464_0.937719,2,France,solar_farm,train
Russia,44.015300_6.008086,3,France,solar_farm,train
Russia,43.727183_3.838278,4,France,solar_farm,train
Russia,44.014764_6.003603,5,France,solar_farm,train
Russia,43.333950_-0.363652,6,France,solar_farm,train
Russia,47.091285_-1.197665,7,France,solar_farm,train
Russia,45.746102_2.138279,9,France,solar_farm,train
Russia,49.334668_4.584361,10,France,solar_farm,train
Russia,44.896459_-0.567755,11,France,solar_farm,train
Russia,44.896804_-0.574191,14,France,solar_farm,train
Russia,47.217499_-1.367997,16,France,solar_farm,train
Russia,43.628324_7.034348,17,France,solar_farm,train
Russia,47.222910_-1.362732,18,France,solar_farm,train
Russia,44.010706_6.016077,20,France,solar_farm,train
Russia,43.761875_5.984870,21,France,solar_farm,train
Russia,47.419459_-0.619467,22,France,storage_tank,train
Russia,43.656845_-0.787373,23,France,storage_tank,train
Russia,49.776209_1.756088,24,France,storage_tank,train
Russia,43.496161_5.178906,25,France,storage_tank,train
Russia,47.739805_-3.359991,26,France,storage_tank,train
Russia,49.485409_0.227812,27,France,storage_tank,train
Russia,49.465549_-1.326348,28,France,storage_tank,train
Russia,49.485885_0.245399,30,France,storage_tank,train
Russia,48.532683_-1.289824,32,France,storage_tank,train
Russia,49.378991_1.013750,33,France,storage_tank,train
Russia,51.001699_2.325931,34,France,storage_tank,train
Russia,48.551221_-0.408402,35,France,storage_tank,train
Russia,46.891062_2.582140,36,France,storage_tank,train
Russia,45.711027_4.836952,37,France,storage_tank,train
Russia,48.942272_-0.355211,38,France,storage_tank,train
Russia,43.444855_4.927504,39,France,storage_tank,train
Russia,48.508723_-0.356144,41,France,storage_tank,train
Russia,45.677385_4.841782,43,France,storage_tank,train
Russia,47.230151_-1.677572,45,France,storage_tank,train
Russia,43.387666_5.015223,46,France,storage_tank,train
Russia,43.229733_5.395398,47,France,storage_tank,train
Russia,47.977956_2.953103,48,France,storage_tank,train
Russia,45.682848_4.853636,50,France,storage_tank,train
Russia,51.001543_2.322088,51,France,storage_tank,train
Russia,43.454126_4.920226,52,France,storage_tank,train
Russia,45.612430_5.111326,53,France,storage_tank,train
Russia,48.460088_1.748392,54,France,storage_tank,train
Russia,44.999006_-0.550148,55,France,storage_tank,train
Russia,49.586945_2.985051,56,France,storage_tank,train
Russia,51.016271_2.149812,57,France,storage_tank,train
Russia,44.434110_0.148912,58,France,storage_tank,train
Russia,43.326005_3.039192,59,France,storage_tank,train
Russia,48.093116_1.884027,60,France,storage_tank,train
Russia,45.120575_5.710559,62,France,storage_tank,train
Russia,49.057712_-0.637465,64,France,storage_tank,train
Russia,43.338650_5.163035,65,France,storage_tank,train
Russia,48.849184_-0.868892,66,France,storage_tank,train
Russia,49.323471_-0.386340,67,France,storage_tank,train
Russia,49.863559_2.226690,68,France,storage_tank,train
Russia,49.046804_0.365341,69,France,storage_tank,train
Russia,45.706999_4.845425,70,France,storage_tank,train
Russia,48.665572_1.968093,73,France,storage_tank,train
Russia,43.248195_5.419452,74,France,storage_tank,train
Russia,48.589634_2.948381,75,France,storage_tank,train
Russia,43.466821_4.918467,76,France,storage_tank,train
Russia,49.742802_3.052392,77,France,storage_tank,train
Russia,49.485085_0.249991,78,France,storage_tank,train
Russia,47.387091_0.749351,79,France,storage_tank,train
Russia,47.097430_2.504993,80,France,storage_tank,train
Russia,44.990332_-0.538217,81,France,storage_tank,train
Russia,48.978012_1.787862,82,France,storage_tank,train
Russia,43.390422_4.993744,83,France,storage_tank,train
Russia,49.311664_2.330495,86,France,storage_tank,train
Russia,45.573008_4.923576,87,France,storage_tank,train
Russia,47.982978_-2.595344,88,France,storage_tank,train
Russia,43.378014_5.023551,89,France,storage_tank,train
Russia,49.705677_2.792838,90,France,storage_tank,train
Russia,49.410489_1.021670,91,France,storage_tank,train
Russia,46.600490_-1.445926,92,France,water_treatment_facility,train
Russia,43.847996_0.094773,94,France,water_treatment_facility,train
Russia,48.499347_2.792728,96,France,water_treatment_facility,train
Russia,47.285245_-0.853568,97,France,water_treatment_facility,train
Russia,47.970393_-0.229281,98,France,water_treatment_facility,train
Russia,44.440751_0.608935,99,France,water_treatment_facility,train
Russia,47.818682_1.747662,100,France,water_treatment_facility,train
Russia,46.798121_5.692149,102,France,water_treatment_facility,train
Russia,47.018740_-1.573167,104,France,water_treatment_facility,train
Russia,44.189051_1.611161,105,France,water_treatment_facility,train
Russia,42.563377_2.974677,106,France,water_treatment_facility,train
Russia,47.218819_-1.038942,107,France,water_treatment_facility,train
Russia,47.870928_2.656590,108,France,water_treatment_facility,train
Russia,46.957983_-1.757572,109,France,water_treatment_facility,train
Russia,47.179049_-0.881632,110,France,water_treatment_facility,train
Russia,43.193774_3.069280,112,France,water_treatment_facility,train
Russia,47.103063_-1.298665,114,France,water_treatment_facility,train
Russia,48.103940_0.578190,115,France,water_treatment_facility,train
Russia,43.524330_1.526862,116,France,water_treatment_facility,train
Russia,48.562870_-1.516299,117,France,water_treatment_facility,train
Russia,45.595525_-0.838359,118,France,water_treatment_facility,train
Russia,48.027224_0.334646,119,France,water_treatment_facility,train
Russia,45.039892_0.358968,120,France,water_treatment_facility,train
Russia,49.940740_3.408270,121,France,water_treatment_facility,train
Russia,47.288652_-0.921221,122,France,water_treatment_facility,train
Russia,49.194311_1.217053,123,France,water_treatment_facility,train
Russia,50.293491_3.560201,124,France,water_treatment_facility,train
Russia,45.767690_5.220771,126,France,water_treatment_facility,train
Russia,49.874594_1.146518,128,France,water_treatment_facility,train
Russia,49.602960_3.217088,129,France,water_treatment_facility,train
Russia,47.503786_-0.526284,131,France,water_treatment_facility,train
Russia,49.217809_2.144668,132,France,water_treatment_facility,train
Russia,43.632901_6.950386,133,France,water_treatment_facility,train
Russia,48.444196_-4.728271,134,France,water_treatment_facility,train
Russia,48.374072_6.483879,135,France,wind_farm,train
Russia,49.879807_3.275062,136,France,wind_farm,train
Russia,48.480739_4.001280,138,France,wind_farm,train
Russia,44.154035_2.805520,139,France,wind_farm,train
Russia,47.538764_-1.568863,141,France,wind_farm,train
Russia,43.620035_4.767153,142,France,wind_farm,train
Russia,47.212763_-0.550262,143,France,wind_farm,train
Russia,48.467787_3.822325,145,France,wind_farm,train
Russia,45.998048_-0.751855,146,France,wind_farm,train
Russia,49.149084_6.968704,147,France,wind_farm,train
Russia,48.191045_2.223166,148,France,wind_farm,train
Russia,44.275361_-68.313382,239,USA,shipyard,train
Russia,30.075694_-94.088092,240,USA,shipyard,train
Russia,30.338308_-81.627843,242,USA,shipyard,train
Russia,40.517480_-74.246335,243,USA,shipyard,train
Russia,29.860601_-93.940398,245,USA,shipyard,train
Russia,33.744488_-118.195944,246,USA,shipyard,train
Russia,37.808193_-122.333810,247,USA,shipyard,train
Russia,47.586195_-122.352989,248,USA,shipyard,train
Russia,40.761659_-74.020873,249,USA,shipyard,train
Russia,47.271102_-122.417618,250,USA,shipyard,train
Russia,30.711765_-88.041952,251,USA,shipyard,train
Russia,45.565944_-122.725654,253,USA,shipyard,train
Russia,38.364024_-105.101136,254,USA,solar_farm,train
Russia,33.305800_-112.849293,255,USA,solar_farm,train
Russia,39.701950_-121.769948,256,USA,solar_farm,train
Russia,39.560602_-77.713995,257,USA,solar_farm,train
Russia,39.777126_-75.122879,258,USA,solar_farm,train
Russia,33.731619_-116.390567,259,USA,solar_farm,train
Russia,40.048148_-105.180467,260,USA,solar_farm,train
Russia,32.191540_-110.867734,262,USA,solar_farm,train
Russia,38.560702_-121.576735,263,USA,solar_farm,train
Russia,32.116197_-110.791393,265,USA,solar_farm,train
Russia,39.570559_-119.799925,267,USA,solar_farm,train
Russia,32.191837_-110.879693,268,USA,solar_farm,train
Russia,28.516850_-80.649535,269,USA,solar_farm,train
Russia,37.958036_-121.986327,270,USA,solar_farm,train
Russia,38.756408_-104.751520,271,USA,solar_farm,train
Russia,38.582248_-121.732979,272,USA,solar_farm,train
Russia,32.191877_-110.884998,273,USA,solar_farm,train
Russia,33.764399_-117.017133,274,USA,solar_farm,train
Russia,40.560672_-74.551324,275,USA,solar_farm,train
Russia,45.544577_-122.961161,276,USA,solar_farm,train
Russia,30.237066_-97.512209,277,USA,solar_farm,train
Russia,21.300953_-157.681170,279,USA,storage_tank,train
Russia,39.725871_-86.312317,280,USA,storage_tank,train
Russia,38.239389_-117.362761,281,USA,storage_tank,train
Russia,34.262466_-118.674851,282,USA,storage_tank,train
Russia,35.690697_-120.335137,283,USA,storage_tank,train
Russia,35.047913_-120.538831,284,USA,storage_tank,train
Russia,41.144494_-83.444229,287,USA,storage_tank,train
Russia,37.487721_-119.957840,289,USA,storage_tank,train
Russia,33.878652_-112.143764,290,USA,storage_tank,train
Russia,38.009167_-121.909939,291,USA,storage_tank,train
Russia,35.361549_-120.835929,292,USA,storage_tank,train
Russia,34.214579_-118.921160,293,USA,storage_tank,train
Russia,40.651474_-74.100225,294,USA,storage_tank,train
Russia,40.711528_-112.054500,296,USA,storage_tank,train
Russia,33.537069_-117.725581,297,USA,storage_tank,train
Russia,38.035712_-121.892469,298,USA,storage_tank,train
Russia,37.651985_-122.472744,299,USA,storage_tank,train
Russia,34.914902_-117.951169,300,USA,storage_tank,train
Russia,40.705597_-73.311152,301,USA,storage_tank,train
Russia,40.545047_-74.239757,304,USA,storage_tank,train
Russia,44.310316_-69.823081,305,USA,storage_tank,train
Russia,40.551718_-74.222938,306,USA,storage_tank,train
Russia,39.993752_-74.206308,307,USA,storage_tank,train
Russia,38.023910_-122.129098,308,USA,storage_tank,train
Russia,35.444721_-120.547395,309,USA,storage_tank,train
Russia,27.974025_-82.766734,310,USA,storage_tank,train
Russia,42.273699_-83.407786,311,USA,storage_tank,train
Russia,20.883144_-156.512724,312,USA,storage_tank,train
Russia,38.072451_-122.546587,313,USA,storage_tank,train
Russia,33.768800_-116.453958,314,USA,storage_tank,train
Russia,33.764716_-116.688772,315,USA,storage_tank,train
Russia,32.844035_-104.394494,316,USA,storage_tank,train
Russia,42.043273_-71.051779,317,USA,storage_tank,train
Russia,40.845644_-75.068021,320,USA,storage_tank,train
Russia,24.566117_-81.796010,321,USA,storage_tank,train
Russia,37.931314_-122.400790,322,USA,storage_tank,train
Russia,33.723125_-117.168025,323,USA,storage_tank,train
Russia,42.282505_-87.896216,324,USA,storage_tank,train
Russia,37.494538_-105.006639,326,USA,storage_tank,train
Russia,40.148474_-74.743093,328,USA,storage_tank,train
Russia,38.003515_-121.935170,329,USA,storage_tank,train
Russia,39.918477_-75.195706,330,USA,storage_tank,train
Russia,33.767055_-117.508000,332,USA,storage_tank,train
Russia,32.814472_-115.679504,333,USA,storage_tank,train
Russia,35.721535_-101.420266,334,USA,storage_tank,train
Russia,32.844813_-104.390004,335,USA,storage_tank,train
Russia,35.406372_-120.863246,336,USA,storage_tank,train
Russia,42.390642_-87.876276,337,USA,storage_tank,train
Russia,28.019032_-82.721838,339,USA,storage_tank,train
Russia,33.284455_-117.388179,340,USA,storage_tank,train
Russia,41.415336_-88.189319,341,USA,storage_tank,train
Russia,41.661026_-73.905199,342,USA,storage_tank,train
Russia,34.846228_-120.425032,343,USA,storage_tank,train
Russia,63.930198_-145.766825,344,USA,storage_tank,train
Russia,21.361726_-158.084367,346,USA,storage_tank,train
Russia,37.502216_-121.904108,348,USA,storage_tank,train
Russia,34.303658_-118.710417,350,USA,storage_tank,train
Russia,30.422350_-89.062476,351,USA,storage_tank,train
Russia,41.374612_-79.818219,352,USA,water_treatment_facility,train
Russia,39.291197_-83.979841,353,USA,water_treatment_facility,train
Russia,42.330671_-77.308159,354,USA,water_treatment_facility,train
Russia,35.455450_-77.666689,355,USA,water_treatment_facility,train
Russia,41.325473_-81.337842,356,USA,water_treatment_facility,train
Russia,44.745151_-92.846727,357,USA,water_treatment_facility,train
Russia,29.947522_-90.347714,359,USA,water_treatment_facility,train
Russia,41.351630_-83.790041,360,USA,water_treatment_facility,train
Russia,37.287764_-93.341008,361,USA,water_treatment_facility,train
Russia,28.925642_-81.938217,362,USA,water_treatment_facility,train
Russia,35.037514_-81.029527,364,USA,water_treatment_facility,train
Russia,42.145498_-72.695382,365,USA,water_treatment_facility,train
Russia,41.172326_-73.173383,366,USA,water_treatment_facility,train
Russia,42.068670_-88.002121,367,USA,water_treatment_facility,train
Russia,45.426902_-122.376396,368,USA,water_treatment_facility,train
Russia,39.425914_-77.381248,369,USA,water_treatment_facility,train
Russia,43.342398_-78.686213,371,USA,water_treatment_facility,train
Russia,33.231582_-117.392437,372,USA,water_treatment_facility,train
Russia,32.627135_-85.543848,373,USA,water_treatment_facility,train
Russia,35.098674_-106.687802,374,USA,water_treatment_facility,train
Russia,29.336769_-99.129641,377,USA,water_treatment_facility,train
Russia,35.169475_-103.738504,378,USA,wind_farm,train
Russia,41.869850_-98.019646,379,USA,wind_farm,train
Russia,42.763498_-115.006560,380,USA,wind_farm,train
Russia,44.502953_-96.652001,381,USA,wind_farm,train
Russia,32.236456_-100.205927,382,USA,wind_farm,train
Russia,32.022894_-100.946904,386,USA,wind_farm,train
Russia,34.810526_-105.139463,387,USA,wind_farm,train
Russia,35.074249_-118.375447,388,USA,wind_farm,train
Russia,32.303651_-100.043093,389,USA,wind_farm,train
Russia,35.065367_-118.341906,390,USA,wind_farm,train
Russia,46.266179_-109.494802,391,USA,wind_farm,train
Russia,32.001717_-100.983613,392,USA,wind_farm,train
Russia,35.056823_-118.385491,393,USA,wind_farm,train
Russia,41.167225_-88.689717,394,USA,wind_farm,train
Russia,40.692209_-87.486286,395,USA,wind_farm,train
Russia,32.650481_-99.473407,396,USA,wind_farm,train
Russia,32.603353_-100.701232,397,USA,wind_farm,train
Russia,35.262854_-118.200245,398,USA,wind_farm,train
Russia,47.283331_-2.199999,1,France,shipyard,validation
Russia,45.672319_0.365111,8,France,solar_farm,validation
Russia,45.664030_0.362110,12,France,solar_farm,validation
Russia,43.295327_3.214010,13,France,solar_farm,validation
Russia,50.364990_2.816282,15,France,solar_farm,validation
Russia,43.318946_3.410964,19,France,solar_farm,validation
Russia,47.316888_-2.059731,29,France,storage_tank,validation
Russia,45.040764_-0.605766,31,France,storage_tank,validation
Russia,48.532491_-0.467978,40,France,storage_tank,validation
Russia,47.279033_-2.201425,42,France,storage_tank,validation
Russia,48.571399_-1.318554,44,France,storage_tank,validation
Russia,47.800509_2.997884,49,France,storage_tank,validation
Russia,43.291031_2.763704,61,France,storage_tank,validation
Russia,43.586420_-0.380835,63,France,storage_tank,validation
Russia,49.835228_3.484371,71,France,storage_tank,validation
Russia,43.208645_0.004156,72,France,storage_tank,validation
Russia,47.773182_7.427498,84,France,storage_tank,validation
Russia,46.804046_4.867701,85,France,storage_tank,validation
Russia,46.788767_-0.914567,93,France,water_treatment_facility,validation
Russia,49.334705_2.680168,95,France,water_treatment_facility,validation
Russia,49.350132_1.197989,101,France,water_treatment_facility,validation
Russia,47.493001_-1.427019,103,France,water_treatment_facility,validation
Russia,48.717740_5.660334,111,France,water_treatment_facility,validation
Russia,47.665273_-0.247029,113,France,water_treatment_facility,validation
Russia,46.118996_1.043420,125,France,water_treatment_facility,validation
Russia,46.021922_-1.175701,127,France,water_treatment_facility,validation
Russia,50.638998_2.706795,130,France,water_treatment_facility,validation
Russia,43.444008_4.786773,137,France,wind_farm,validation
Russia,48.411747_-3.274064,140,France,wind_farm,validation
Russia,48.669263_4.033527,144,France,wind_farm,validation
Russia,38.096501_-122.265953,241,USA,shipyard,validation
Russia,43.655386_-70.250666,244,USA,shipyard,validation
Russia,40.666665_-74.016666,252,USA,shipyard,validation
Russia,39.969312_-74.897232,261,USA,solar_farm,validation
Russia,33.616118_-112.312433,264,USA,solar_farm,validation
Russia,40.632034_-122.319682,266,USA,solar_farm,validation
Russia,47.031688_-103.098890,278,USA,storage_tank,validation
Russia,35.525035_-97.590057,285,USA,storage_tank,validation
Russia,37.443386_-122.283252,286,USA,storage_tank,validation
Russia,20.675243_-156.435107,288,USA,storage_tank,validation
Russia,43.627712_-70.265129,295,USA,storage_tank,validation
Russia,35.467950_-120.730519,302,USA,storage_tank,validation
Russia,41.298722_-72.906591,303,USA,storage_tank,validation
Russia,32.501098_-94.846091,318,USA,storage_tank,validation
Russia,33.565242_-117.697602,319,USA,storage_tank,validation
Russia,34.729152_-86.621551,325,USA,storage_tank,validation
Russia,28.022404_-82.429918,327,USA,storage_tank,validation
Russia,33.693213_-117.415638,331,USA,storage_tank,validation
Russia,38.298102_-87.560989,338,USA,storage_tank,validation
Russia,33.954091_-117.285205,345,USA,storage_tank,validation
Russia,40.511929_-80.223701,347,USA,storage_tank,validation
Russia,43.625620_-70.268359,349,USA,storage_tank,validation
Russia,20.896212_-156.456172,358,USA,water_treatment_facility,validation
Russia,33.358664_-112.582836,363,USA,water_treatment_facility,validation
Russia,37.519791_-120.930498,370,USA,water_treatment_facility,validation
Russia,38.739167_-105.179190,375,USA,water_treatment_facility,validation
Russia,41.743573_-81.260599,376,USA,water_treatment_facility,validation
Russia,40.983337_-103.466788,383,USA,wind_farm,validation
Russia,32.937027_-101.336378,384,USA,wind_farm,validation
Russia,35.099286_-118.338726,385,USA,wind_farm,validation
Russia,45.378254_-70.536428,399,USA,wind_farm,validation
Russia,44.726421_37.779622,149,Russia,shipyard,test
Russia,42.799999_132.883333,150,Russia,shipyard,test
Russia,43.112019_131.907748,151,Russia,shipyard,test
Russia,60.000083_29.704335,152,Russia,shipyard,test
Russia,59.890931_30.226904,153,Russia,shipyard,test
Russia,51.773262_87.609073,154,Russia,solar_farm,test
Russia,50.829257_36.480701,155,Russia,solar_farm,test
Russia,44.846376_41.320854,156,Russia,storage_tank,test
Russia,59.487917_32.070785,157,Russia,storage_tank,test
Russia,48.498724_135.042073,158,Russia,storage_tank,test
Russia,55.117602_73.260325,159,Russia,storage_tank,test
Russia,52.812667_79.889436,160,Russia,storage_tank,test
Russia,54.788849_83.075834,161,Russia,storage_tank,test
Russia,50.633042_137.063339,162,Russia,storage_tank,test
Russia,52.533514_103.938180,163,Russia,storage_tank,test
Russia,44.099604_39.091257,164,Russia,storage_tank,test
Russia,56.299865_38.162021,165,Russia,storage_tank,test
Russia,42.784266_132.882159,166,Russia,storage_tank,test
Russia,54.884065_56.089199,167,Russia,storage_tank,test
Russia,48.502513_44.617834,168,Russia,storage_tank,test
Russia,53.235716_50.459910,169,Russia,storage_tank,test
Russia,44.717600_44.998090,170,Russia,storage_tank,test
Russia,55.078505_73.253658,171,Russia,storage_tank,test
Russia,56.754850_60.794063,172,Russia,storage_tank,test
Russia,57.030536_34.982634,173,Russia,storage_tank,test
Russia,55.600385_51.978759,174,Russia,storage_tank,test
Russia,55.349146_85.966475,175,Russia,storage_tank,test
Russia,56.794427_36.010626,176,Russia,storage_tank,test
Russia,56.123578_44.111452,177,Russia,storage_tank,test
Russia,56.868378_59.059753,178,Russia,storage_tank,test
Russia,59.479440_32.068992,179,Russia,storage_tank,test
Russia,58.993108_55.934760,180,Russia,storage_tank,test
Russia,43.011956_47.458962,181,Russia,storage_tank,test
Russia,45.020722_39.056033,182,Russia,storage_tank,test
Russia,53.371476_83.938630,183,Russia,storage_tank,test
Russia,55.329815_64.512082,184,Russia,storage_tank,test
Russia,57.753338_41.026518,185,Russia,storage_tank,test
Russia,54.932757_56.067474,186,Russia,storage_tank,test
Russia,52.781604_103.615503,187,Russia,storage_tank,test
Russia,52.721856_58.712551,188,Russia,storage_tank,test
Russia,50.830138_115.810901,189,Russia,storage_tank,test
Russia,56.824720_60.682637,190,Russia,storage_tank,test
Russia,49.749988_43.670979,191,Russia,storage_tank,test
Russia,50.445502_136.900002,192,Russia,storage_tank,test
Russia,59.685054_56.680902,193,Russia,storage_tank,test
Russia,56.871634_60.580238,194,Russia,storage_tank,test
Russia,55.081884_73.245985,195,Russia,storage_tank,test
Russia,53.428382_55.887142,196,Russia,storage_tank,test
Russia,50.599120_36.616140,197,Russia,storage_tank,test
Russia,46.332126_48.083914,198,Russia,storage_tank,test
Russia,56.012131_92.945233,199,Russia,storage_tank,test
Russia,59.478848_32.076234,200,Russia,storage_tank,test
Russia,53.029708_49.425459,201,Russia,storage_tank,test
Russia,56.459929_90.549553,202,Russia,storage_tank,test
Russia,54.909343_56.169724,203,Russia,storage_tank,test
Russia,60.340024_28.725355,204,Russia,storage_tank,test
Russia,52.508462_103.934733,205,Russia,storage_tank,test
Russia,55.002274_82.649259,206,Russia,storage_tank,test
Russia,43.106429_131.999653,207,Russia,water_treatment_facility,test
Russia,53.854116_50.292270,208,Russia,water_treatment_facility,test
Russia,53.166435_91.480051,209,Russia,water_treatment_facility,test
Russia,56.033153_39.983698,210,Russia,water_treatment_facility,test
Russia,55.585299_37.757755,211,Russia,water_treatment_facility,test
Russia,56.259723_93.520461,212,Russia,water_treatment_facility,test
Russia,46.668521_38.317766,213,Russia,water_treatment_facility,test
Russia,60.015364_29.726817,214,Russia,water_treatment_facility,test
Russia,54.746390_61.291026,215,Russia,water_treatment_facility,test
Russia,50.828355_60.999370,216,Russia,water_treatment_facility,test
Russia,57.446177_41.169161,217,Russia,water_treatment_facility,test
Russia,53.239039_44.952723,218,Russia,water_treatment_facility,test
Russia,57.601444_48.986077,219,Russia,water_treatment_facility,test
Russia,59.761696_30.606081,220,Russia,water_treatment_facility,test
Russia,57.784739_29.551265,221,Russia,water_treatment_facility,test
Russia,56.160967_93.349023,222,Russia,water_treatment_facility,test
Russia,51.262943_37.665852,223,Russia,water_treatment_facility,test
Russia,59.934823_31.002736,224,Russia,water_treatment_facility,test
Russia,57.728987_40.986732,225,Russia,water_treatment_facility,test
Russia,56.364587_38.604365,226,Russia,water_treatment_facility,test
Russia,55.862167_39.067405,227,Russia,water_treatment_facility,test
Russia,56.125567_37.068042,228,Russia,water_treatment_facility,test
Russia,54.939153_38.041926,229,Russia,water_treatment_facility,test
Russia,55.416131_36.719637,230,Russia,water_treatment_facility,test
Russia,51.290758_37.728686,231,Russia,water_treatment_facility,test
Russia,59.149561_57.555837,232,Russia,water_treatment_facility,test
Russia,57.508850_60.250245,233,Russia,water_treatment_facility,test
Russia,54.578822_54.250386,234,Russia,wind_farm,test
Russia,48.450551_135.156620,235,Russia,wind_farm,test
Russia,54.936562_20.371818,236,Russia,wind_farm,test
Russia,48.450151_135.156627,237,Russia,wind_farm,test
Russia,56.730816_37.118046,238,Russia,wind_farm,test
