dataset,site_key,seed_uint64
sifc,22.214460_84.872620,14961372808099819907
sifc,21.109860_72.643730,17254647416808745006
sifc,20.998640_86.019100,3505232811794074711
sifc,20.875370_84.987240,1980171070616744433
sifc,20.944800_86.058130,6952572366958052539
sifc,23.536460_87.258650,13358460850833441745
sifc,15.181790_76.669400,4825495055032556635
sifc,18.689750_73.040120,8741810079465622442
sifc,23.670510_86.925200,11489007149855485103
sifc,21.927530_83.347870,14649225812237884287
sifc,15.160040_76.711930,16848883504426420310
sifc,21.184380_81.390960,7132981213929634690
sifc,13.831170_75.706010,3139776724269718972
sifc,17.618830_83.193880,16361332846438572348
sifc,22.785040_86.199470,2406859905080087088
sifc,23.685290_86.102100,17694990842574627136
sifc,20.971050_86.009760,9569747013430556944
sifc,11.655100_78.031960,12445665325961371247
sifc,21.190313_81.199220,17739278822143566506
sifc,21.232929_79.632398,12654991014697763468
sifc,14.152912_76.665824,7717965987118653813
sifc,21.839759_83.982227,9730113481560309492
sifc,21.983709_83.238133,8495373395321782850
sifc,14.873471_78.048425,17183624170751640987
sifc,23.693749_87.122711,8078245647949696950
sifc,21.679216_84.041449,5858449694410001941
sifc,20.796227_85.256654,5846049457134452633
sifc,21.486190_81.771697,9502927184937185731
sifc,22.874863_86.063646,5156828359654676229
sifc,23.633840_86.302152,10341447082411443593
sifc,26.757009_83.199086,5448047719819266477
sifc,13.717188_79.630588,3182201462410295758
sifc,11.814754_77.918049,5732699767200580146
sifc,23.613861_86.789527,9144802696343313043
sifc,23.487439_87.369494,18146473557431424418
sifc,21.928511_85.223988,12057423144360781275
sifc,15.334025_76.287252,18186976369698869780
sifc,15.339055_76.251696,2938275524190137708
sifc,18.530853_72.947091,497052871720519547
sifc,21.354495_81.676444,17941239192220536222
sifc,22.364258_87.309047,8107092758070675470
sifc,24.145239_86.334999,10147669760670158351
sifc,22.378355_87.281773,538433727720392156
sifc,23.112781_70.086688,6971788089155417346
sifc,23.507539_87.277914,11232130892638771793
sifc,29.127253_75.773075,927285535245951619
sifc,22.588359_85.905724,13422655950529184099
sifc,19.093190_82.170000,13862607080339884621
sifc,9.978700_76.226100,16823134644418581832
sifc,21.674600_72.536000,7576835811490883353
sifc,20.726656_70.739765,2668088613148548798
sifc,13.290320_80.342932,18386143578265301784
sifc,21.097433_72.623663,7694474541563566138
sifc,17.300000_73.200000,15492652194905540214
sifc,17.540000_73.160000,9776221663186484966
sifc,22.737600_69.666300,3686421054009151148
sifc,21.236500_73.353600,10504235303463199172
sifc,8.169100_77.713300,770316285197340354
sifc,14.865000_74.438500,8530095225991665687
sifc,19.829400_72.661700,4917576875567773934
sifc,12.557400_80.175800,13529380811032643518
sifc,24.874700_75.618900,15175020513448177140
sifc,28.155000_78.405000,17444280870801156143
sifc,25.957220_72.183910,2492144887497390866
sifc,17.705770_83.239820,5174705313234382273
sifc,12.985800_74.844240,11048458746738269637
sifc,19.012650_72.903520,6770887879814655844
sifc,16.501510_81.895690,356951519697480166
sifc,9.969460_76.372520,8481942913086618449
sifc,25.431360_86.060110,13782787912272264592
sifc,10.826700_79.809990,10793802378811358523
sifc,29.452480_76.868890,17942478184546986203
sifc,20.261510_86.604780,14551578646113144296
sifc,22.336790_69.866580,10288821191064366912
sifc,26.582410_93.787210,6282696094293376517
sifc,22.042860_88.105000,13370854581403057805
sifc,29.918170_74.952240,3402908806470226103
sifc,26.519460_90.531440,9457731806017183945
sifc,22.362000_69.905000,8861138361981877304
sifc,19.016370_72.894150,1481454165173041226
sifc,13.174110_80.274940,8857031524509820043
sifc,22.329730_69.744360,1675433920685954318
sifc,27.381110_77.686180,16736867613998075770
sifc,27.390120_95.619350,15709530586671508907
sifc,22.379310_73.118720,8020042756302635093
sifc,24.251710_78.161840,17487175246841843694
sifc,26.184970_91.809280,7338303881994070231
sifc,21.080546_77.899761,14568843591018220815
sifc,16.294139_77.355852,15204435246956067863
sifc,21.996332_82.670092,5895654077469635992
sifc,20.810394_79.053632,12098360081045525776
sifc,20.714478_76.795544,2417845622914958412
sifc,21.686272_72.583894,9507126536277566661
sifc,21.126354_84.984298,8827860287264646752
sifc,18.773083_82.912495,16255866150460075113
sifc,21.036851_78.935301,15245495603486721593
sifc,16.715256_79.692881,17373861304155949518
sifc,20.271546_78.979132,8637811811067771915
sifc,13.159182_74.801536,10836206548576647739
sifc,22.134102_85.383618,4239760157692417916
sifc,19.001928_72.897914,3866832231128825392
sifc,21.582274_72.222780,13596717566584172557
sifc,22.071338_82.602720,12518302703320461951
sifc,20.602567_79.960522,7683120645525548429
sifc,21.094433_85.074208,2376783303739467704
sifc,15.190658_76.719246,5721263214106748504
sifc,20.010774_79.204130,3014692554395662
sifc,20.535118_85.908440,13185037402692264603
sifc,21.119507_72.640143,16875702053284478791
sifc,18.911331_76.550900,13371208257154542490
sifc,21.311907_81.613041,14034061775262065670
sifc,21.234812_79.091091,1605771390286770934
sifc,20.311250_86.645222,9432898663255441295
sifc,22.106019_83.452647,3921616089314904693
sifc,17.552296_75.984170,6695553723969276102
sifc,15.187821_76.664218,368890207629585648
sifc,20.928137_78.933634,15704213462259939441
sifc,21.179777_79.396120,9154484273094335961
sifc,21.451357_81.857265,17604947592233907755
sifc,21.785861_84.057746,4986919794974045127
sifc,11.053510_77.995319,11211725210033138941
sifc,21.046589_75.851124,4774759017115792685
sifc,22.105393_88.177149,7718087115443828289
sifc,20.961104_86.049626,14677593235004656456
sifc,21.962763_82.355160,9391324877564679076
sifc,11.520733_79.750239,12053755571165027508
sifc,19.710810_83.401442,3891659157386081582
sifc,17.164344_77.294419,13232579362987223766
sifc,21.735718_84.061814,6571007928861663986
sifc,17.295813_73.214317,14239925682173488756
sifc,21.065816_86.456459,4128408579626682059
sifc,18.869301_76.524829,12663487754363179426
sifc,18.771269_73.258387,12290147914503826395
sifc,21.408806_79.965266,13671150583588949628
sifc,14.703775_78.455557,11238581781892124680
sifc,18.384136_79.826372,447771652647227790
sifc,19.930790_79.119793,16552615475161684413
sifc,21.886879_83.122488,5181931923873670535
sifc,22.102958_76.536267,14398995875625867981
sifc,21.275119_79.124303,3317614571100548970
sifc,15.171382_76.377211,15308716349061991498
sifc,20.836833_70.691523,13296348343561652673
sifc,19.955389_72.748536,16267368462566975082
sifc,22.065238_75.851197,10052758169923151765
sifc,21.743655_83.275316,12137783486598360677
sifc,16.499536_75.836263,1109957431471700554
sifc,16.706160_79.575595,10523519620824932123
sifc,28.597428_77.609208,5087092947116115147
sifc,21.184364_81.423720,3234422909988813745
sifc,21.961752_82.410503,12210365767084394925
sifc,21.691583_83.859812,7019803228930400107
sifc,21.529949_83.906464,2643643619196836577
sifc,21.963325_83.891044,4332062756546920525
sifc,20.853179_85.193786,3256802196368166156
sifc,21.757607_83.458242,4151285841276768678
sifc,21.211415_73.560097,1393411344124942511
sifc,11.770345_77.814183,3370753333623658069
sifc,20.925224_71.459772,5505699216178632750
sifc,21.395536_73.107464,7220908492213186303
sifc,22.130668_83.264485,10023790376087695045
sifc,20.807666_85.291187,4117240270558230963
sifc,22.011342_83.205460,6155436868497125022
sifc,21.910421_83.187371,8954636065880056611
sifc,19.195711_83.028021,9979999428163393669
sifc,21.664922_83.922943,12042162749199147682
sifc,18.827453_79.573524,15366763333852448554
sifc,11.592651_79.467958,3245843718018085070
sifc,20.870912_85.268004,4406951765895831896
sifc,22.110025_78.174677,18062995591721237671
sifc,19.980231_73.892310,3071404838331465510
sifc,20.892166_84.992334,7091049422965309379
sifc,16.356359_77.340639,15914464211217548976
sifc,19.864702_74.083141,2962352863965125265
sifc,18.758290_79.453779,12060328394096406269
sifc,11.547959_79.443405,16686147179677855409
sifc,20.910220_85.208016,1642215399243292421
sifc,22.128438_83.535072,3403609687184293815
sifc,22.132540_82.293647,3100304308200639087
sifc,20.006349_79.287595,16293789430930173579
sifc,20.514822_85.723424,16521673612098867958
sifc,20.707247_78.629038,2775621238618341064
sifc,21.815743_84.042036,7349113852250166403
sifc,22.815800_69.528100,1224269978723614414
sifc,25.236903_87.265595,7861029836605690717
sifc,23.977523_82.626473,12526951751165781589
sifc,24.098300_82.671900,3600066609093163507
sifc,24.027000_82.791500,10125478486833192684
sifc,14.327604_80.122105,13477732924968004938
sifc,28.604040_77.325318,12741657337272827477
sifc,12.939611_77.659264,8093285059926950690
sifc,12.957010_80.234184,2348776665393936824
sifc,13.147300_80.260400,18300399283227361417
sifc,19.148614_72.813993,9049931367494749455
sifc,13.036100_80.193700,5869125542577002491
sifc,12.919011_77.494254,15043230554755559011
sifc,13.064492_80.199873,2974669233040432191
sifc,19.078768_72.933040,10933542453060023635
sifc,28.547100_77.283500,12513983650685238833
sifc,28.727625_77.186294,14215658247936475072
sifc,17.381194_78.533621,6884819532639209510
sifc,28.725085_77.106106,16832525256897592314
sifc,28.698324_77.287145,1490958834985033457
sifc,28.671236_77.049608,11621148923522561429
sifc,25.417725_81.856154,13435035463452397152
sifc,22.626002_88.464977,6582984781603654990
sifc,23.096290_72.651441,8521404025523349393
sifc,17.416192_78.464354,14525689830327615020
sifc,22.972972_72.548870,10813858036972896549
sifc,26.951629_75.890150,9682690485851311577
sifc,22.981652_72.527719,12889274124826516908
sifc,31.148446_-87.990521,9778193823119394360
sifc,35.941421_-89.713819,2721070473513414861
sifc,40.395140_-79.859645,8924071107950781986
sifc,41.121613_-85.348602,7050650684425096840
sifc,36.353006_-76.811471,5132170921082196371
sifc,38.225770_-104.607895,10850114593211743573
sifc,41.620799_-87.348266,3160915991178134842
sifc,41.785971_-89.710947,16598247339807434558
sifc,41.568783_-84.048129,2998719903787668852
sifc,35.901162_-89.776190,5344157641777814444
sifc,30.941783_-88.012437,12760006885503325077
sifc,39.488589_-84.386197,1349606443117150707
sifc,33.004319_-79.880955,8319331329770128692
sifc,33.480697_-86.937854,17452947540877054799
sifc,34.639630_-87.085738,8712224307193854118
sifc,40.314891_-80.605553,11118111626924116082
sifc,41.631221_-87.143846,6113349664563259605
sifc,38.759878_-84.996204,6562160390866934771
sifc,41.464041_-81.676499,17055205495041824112
sifc,32.457544_-97.034246,8557195936532876675
sifc,35.644264_-89.941659,5256241492784207439
sifc,41.370640_-84.917454,6127353248539545653
sifc,33.447580_-88.572683,2115824445463422324
sifc,41.669553_-87.438429,10194204990821352814
sifc,39.976379_-86.830727,9216439624904483913
sifc,33.234761_-87.508498,15376687095648259996
sifc,41.482009_-90.820921,13836440627516122535
sifc,38.725418_-85.076015,7170460036487821457
sifc,27.811200_-97.398500,5812292278350847593
sifc,60.679400_-151.388300,240017435057480300
sifc,42.392300_-71.058800,17324452909591385250
sifc,28.932000_-95.317300,17125736900497681383
sifc,29.600400_-89.886400,16017596008882190653
sifc,32.091100_-81.000200,5811337193647484002
sifc,29.750900_-93.872400,15876040008678082564
sifc,30.112300_-93.287900,7789382311878824761
sifc,38.385400_-76.409800,7474151743782987038
sifc,30.322300_-88.503600,4740110612553464647
sifc,30.043200_-93.336600,5633659148094928947
sifc,29.774200_-93.323900,8708493813700556923
sifc,29.760000_-93.920000,11211829253281986279
sifc,40.226300_-75.587600,13189345787640602472
sifc,46.471100_-119.333600,16151312733051989635
sifc,29.995300_-90.472200,3720487813096029748
sifc,44.621900_-92.633100,3154509739151979162
sifc,35.433100_-80.948600,1232748351676120006
sifc,41.243900_-88.671100,4698280981177431977
sifc,39.758900_-76.268900,7219350881234095210
sifc,40.154000_-76.724900,11966996570199865397
sifc,35.226100_-85.087800,15143106967726009425
sifc,33.141700_-81.764700,14680710722880656396
sifc,44.281400_-87.537600,5140577484775099693
sifc,41.092400_-76.148000,513301757737878094
sifc,32.006400_-91.047200,7751335421318266431
sifc,35.211700_-120.855800,17602661608022056954
sifc,33.388000_-112.861700,11019320899382736581
sifc,41.243400_-88.229700,247964789002623095
sifc,34.704900_-87.118900,6867371612078792276
sifc,34.793800_-82.897100,2030805894265738320
sifc,35.051900_-81.070800,3753287853945532995
sifc,43.520600_-76.407800,3713027763301433475
sifc,30.757500_-91.331400,13017183370431327339
sifc,38.431900_-76.441900,11560948940101515720
sifc,28.795400_-96.047900,16474782111870098567
sifc,35.603300_-84.786900,5637494292858070406
sifc,38.239300_-95.689800,351811820747114049
sifc,41.390100_-88.270100,10140487634071664013
sifc,32.298300_-97.785000,11829291081051533034
sifc,43.277700_-77.309900,7467381407148273726
sifc,38.758900_-91.778800,3336029433660230285
sifc,35.311000_-93.235100,2803929637875705856
sifc,31.223100_-85.111600,15166192247325791120
sifc,41.800600_-81.143900,15545891966561090340
sifc,38.060100_-77.789700,12155167641841802802
sifc,27.348600_-80.246400,1909995443620856921
sifc,39.462500_-75.535800,4639826346641099229
sifc,33.959700_-78.011400,16818253305194794304
sifc,40.171900_-88.833900,17534342143881032529
sifc,31.934200_-82.344700,14152586681209902957
sifc,35.633400_-78.955600,14280005046665607073
sifc,40.621900_-80.433600,14381743342299679562
sifc,41.962780_-83.257500,13472003582274846933
sifc,41.726100_-90.310300,12803529605480865689
sifc,37.165600_-76.698300,5724083288266809142
sifc,45.333800_-93.849300,3166103484880041749
sifc,41.310700_-72.167700,18021721995049314218
sifc,25.434480_-80.332400,14894576617687917351
sifc,42.899200_-70.848900,16575587921603503381
sifc,41.596700_-83.086100,14293736395671018992
sifc,34.298300_-81.315300,18369548352294537236
sifc,42.074200_-89.281900,11149653413190651141
sifc,40.362800_-95.640800,7054164302636750543
sifc,34.401700_-80.158900,4875984870328320653
sifc,29.985278_-90.392778,8544530836016670317
sifc,29.957935_-93.897484,14913241559529331789
sifc,48.884000_-122.735000,6219184818793601122
sifc,29.070847_-95.750363,18072663742213910470
sifc,27.832011_-97.525582,18240061743427439466
sifc,41.421111_-88.191944,17977869651587265214
sifc,30.061320_-90.593530,13289530594305202834
sifc,38.840401_-90.070774,16445207728369746212
sifc,33.908200_-118.408500,12210842740795381017
sifc,30.484917_-91.173920,16481235556202674185
sifc,29.868333_-93.968333,16042575733287512280
sifc,38.377246_-82.597162,13450376588477376277
sifc,30.181490_-93.324051,15832841396186971882
sifc,36.682100_-97.089500,346280796810481762
sifc,41.663055_-87.479643,1856319769218958918
sifc,29.374444_-94.925000,6155068362434086680
sifc,33.813230_-118.242980,9036512807287081466
sifc,40.636500_-74.219900,2323808260302464619
sifc,29.739444_-95.006944,8431134817456404928
sifc,30.242155_-93.274386,1174742561740583708
sifc,30.343733_-88.493800,10632892545106617293
sifc,29.369167_-94.911111,11248954290617194877
sifc,30.065833_-94.071388,6607398605490785138
sifc,30.001107_-90.402221,6661228791644494716
sifc,29.891073_-93.949641,18354722127649067012
sifc,44.764434_-93.039484,17468635289698093085
sifc,29.722222_-95.126944,11483658832714934647
sifc,38.998676_-87.724781,8760884801120995042
sifc,37.938779_-122.396453,2082606663305996573
sifc,27.810775_-97.436658,14313072763632776149
sifc,41.780163_-107.109511,2089279696322304892
sifc,43.848521_-104.213903,4127935669409136344
sifc,29.684405_-89.979839,6052198512740460585
sifc,36.116749_-95.999949,14636415296004603216
sifc,47.255786_-122.397126,5163692955175479014
sifc,41.655625_-88.046550,13905702846452578821
sifc,41.127132_-104.789750,6733054903579221273
sifc,31.767512_-106.395613,14754316247969587543
sifc,46.849832_-100.883767,17103369082819312131
sifc,40.715965_-84.124640,3728543909535459509
sifc,37.797473_-96.872662,4879494369032983567
sifc,21.309493_-158.110927,12686818781615655887
sifc,33.853208_-118.332317,189823369475442754
sifc,37.906028_-87.928877,8607147586258696432
sifc,32.844821_-104.390979,8584025533404919011
sifc,32.798531_-93.411128,5071410543629214389
sifc,28.459210_-98.188265,16861348583931161670
sifc,38.072007_-122.138319,9457738400503509205
sifc,44.851007_-92.994345,7049955466142737241
sifc,46.690572_-92.067312,1308937948061125884
sifc,40.610826_-80.629399,4438469862338475689
sifc,18.416245_-66.133120,7823830671263648420
sifc,32.360432_-95.281964,15818320465840361681
sifc,38.043474_-122.255632,13575682433492258493
sifc,39.587733_-75.631323,14207205423503630445
sifc,30.132389_-93.320068,16347279185152342087
sifc,35.488468_-108.427359,16099606170375129477
sifc,40.792315_-111.905455,9323151906040603550
sifc,34.204400_-97.101794,9294110468002901093
sifc,29.998606_-93.984414,10425087626659732192
sifc,46.855395_-102.911365,1440436084164276534
sifc,30.526508_-91.748001,1438402357502931683
sifc,36.139133_-96.022697,15372302922101349681
sifc,48.830501_-122.696618,3072281389705072918
sifc,41.628890_-83.504920,10524097085293491673
sifc,35.955630_-101.880991,8466784500667375904
sifc,32.270992_-101.415073,14173772997481644798
sifc,27.816758_-97.484505,16433758051929525607
sifc,29.823380_-95.113566,8341312547882796303
sifc,47.523212_-111.295316,6229069839776786718
sifc,39.452500_-94.976390,15083518884876334113
sifc,33.062590_-83.803880,14254303078757537459
sifc,35.761610_-95.287460,13020683187609762245
sifc,31.423330_-96.251390,4032381306410707550
sifc,38.935830_-82.116670,3366749360387517577
sifc,39.200830_-79.262780,4353086799463359191
sifc,30.726670_-91.366940,16739419427350128100
sifc,40.530000_-80.630830,8811568913871900599
sifc,39.383890_-80.331110,15333531349251100084
sifc,45.883610_-106.614170,9561273216972207258
sifc,33.242790_-86.461120,11861503577944278044
sifc,33.631940_-87.060560,12783512895629062841
sifc,40.095560_-76.696940,474383044545058697
sifc,31.006110_-88.011110,2723764946044729237
sifc,38.050000_-85.910000,16977176077744094612
sifc,40.384720_-79.063610,5599156255254131548
sifc,42.773890_-82.495000,3959041790841426845
sifc,39.286110_-96.116940,2469540700353038588
sifc,34.123060_-84.920280,4418931492189206413
sifc,32.261670_-94.564720,2002089798352462687
sifc,36.314720_-86.400280,14692991785225563920
sifc,37.925560_-87.033890,16521516912783571910
sifc,36.478830_-79.070890,16305515820822281776
sifc,27.795830_-82.403610,16632839585048898272
sifc,38.474720_-81.821110,17853908029425845653
sifc,35.677220_-91.409720,272280967783407269
sifc,40.659720_-79.341110,6707399171489800077
sifc,36.685560_-108.481670,14379947536789180039
sifc,35.597500_-80.964720,5950321952746344800
sifc,39.504720_-112.570280,14210329681997127837
sifc,36.391390_-87.654720,18419009280561424483
sifc,38.527500_-87.253890,678972784329638394
sifc,38.371940_-87.767220,7463691897975770521
sifc,38.754170_-85.021390,1669954496282516244
sifc,45.378700_-93.896600,15816414608783865326
sifc,33.369170_-80.114170,6268256216725776128
sifc,41.889170_-83.345560,3391182199199803515
sifc,38.204530_-89.855980,8310965297824499937
sifc,42.107220_-104.887220,17221218873267056683
sifc,29.916670_-96.751670,14657959398224724080
sifc,36.281390_-80.060280,8568735840865383834
sifc,38.562220_-90.837780,10520465419299935481
sifc,40.590188_-73.933138,9800095879629103033
sifc,40.641717_-74.033621,11749871086301560879
sifc,37.431962_-121.948099,3319777118545025141
sifc,33.690617_-117.940611,5720663513002434763
sifc,42.350000_-70.958969,14653965937850062540
sifc,32.678772_-117.246443,2292410321013621049
sifc,39.811005_-104.955339,16680823813953747222
sifc,40.662531_-73.809214,12133970231506820829
sifc,39.987798_-75.082216,2291476093600433744
sifc,41.815981_-87.765514,1449239687769545926
sifc,40.733880_-73.946585,5916400911863316658
sifc,39.112739_-84.546626,11407795680142076354
sifc,40.825404_-73.956634,5488016862693465933
sifc,40.803664_-73.882763,6189168970511965229
sifc,41.426748_-81.650773,8706420918069645509
sifc,39.886823_-75.222583,2161680388540467092
sifc,40.651452_-73.878863,13343078690812551733
sifc,42.286374_-83.126468,13344949673206387229
sifc,38.451313_-121.469330,13239141764554980651
sifc,33.802890_-118.281945,4108597742489357879
sifc,33.925161_-118.430240,1465746607477911036
sifc,40.794822_-73.839051,5351986350982789642
sifc,38.815179_-77.023237,2850167479113121325
sifc,33.639607_-117.958075,9849111318149525343
sifc,40.788062_-73.921951,15039089508940474244
sifc,39.347560_-84.590270,11572870276029175992
sifc,26.304794_-98.219196,17761245445816339650
sifc,29.933014_-95.282457,3950066441865889331
sifc,42.527857_-70.876174,2442613852668851445
sifc,33.678256_-84.634493,11070452448627293045
sifc,34.908944_-88.513806,5711440736136640950
sifc,31.884448_-81.607261,13825749617991781525
sifc,29.546333_-95.312972,4698514465143323491
sifc,39.007030_-84.841210,12015388591664710560
sifc,26.261586_-80.152722,14561229645396730114
sifc,29.417167_-94.896306,1964581058977544525
sifc,46.313889_-120.017502,2068347138992759641
sifc,40.674306_-73.342389,7245468590568802295
sifc,37.825537_-122.295165,15229851819128824305
sifc,39.770694_-86.232306,7449860972082937857
sifc,29.598580_-95.207732,14950203526496977595
sifc,29.630278_-90.733611,586503209566039119
sifc,43.023000_-87.898000,13983744650780050562
sifc,26.293306_-98.137750,12386398898684353036
sifc,39.911623_-83.017403,8913042284504958899
sifc,42.677222_-73.730722,16955594506459155001
sifc,30.603333_-87.267500,786949892954023522
sifc,39.842250_-86.408250,11206077461805864288
sifc,38.688645_-76.996768,14369781677465159573
sifc,37.651865_-77.313301,9547293002370370534
sifc,27.449611_-99.493694,1750531745419399237
sifc,30.035341_-94.133575,2246231633083892860
sifc,34.102722_-84.447972,18302250809229794096
sifc,40.039444_-86.025000,17171284300035763318
sifc,29.962417_-95.357139,12851036332616161728
sifc,39.371950_-84.568850,4762969549780780925
sifc,40.112694_-85.717389,2493371037389713970
sifc,34.551760_-92.593494,2446052110713452919
sifc,37.966333_-87.617667,4731794239350599538
sifc,42.921000_-74.166500,6547217518811228689
sifc,28.752361_-97.006583,13235872104599579108
sifc,38.286694_-85.743750,6585028746580032564
sifc,25.897222_-97.468778,5986485578855979890
sifc,42.084722_-76.091111,14188189249814205873
sifc,39.627306_-85.141694,2053179185157618153
sifc,33.228888_-96.559722,527534619350864869
sifc,29.968166_-97.833019,14348427215597205328
sifc,43.054472_-76.008250,7166889475841299468
sifc,25.954014_-97.453935,12980909616121760189
sifc,37.941972_-87.349056,9437687592206674611
sifc,40.337513_-76.462151,4344052626763939169
sifc,40.652306_-73.506472,17904272696142356825
sifc,39.725410_-84.230070,6555570012659118294
sifc,40.620028_-75.336528,1556366838557782997
sifc,34.227167_-88.699778,13495030610175291889
sifc,32.996537_-97.032517,3360406747841480813
sifc,41.556810_-83.650150,17479669681397871469
sifc,29.629134_-95.409126,16001263093582988117
sifc,35.306944_-81.134444,8951026348636455760
sifc,38.578844_-77.109476,5948433151608391325
sifc,32.971944_-96.547222,1186467799556827090
sifc,29.844961_-95.463295,1982538139447641093
sifc,29.669688_-95.543019,5870323518302073204
sifc,38.956444_-85.930833,7186930528587777650
sifc,35.625085_-106.089213,9074077567707584047
sifc,18.129407_-65.790717,8733697505146822100
sifc,41.079611_-85.104389,5514692664857611699
sifc,43.989639_-75.928639,13262880077274145088
sifc,29.898700_-90.168044,9480961898119777402
sifc,29.365531_-95.234120,15819592082001857237
sifc,41.156000_122.993970,2371857131369858700
sifc,40.647610_109.743140,5978138470153954524
sifc,35.385000_119.545000,16626890748442653904
sifc,26.581000_101.656000,123363112975287270
sifc,36.583000_114.418000,1182432659845024121
sifc,27.787570_114.914320,539389051937723824
sifc,32.187010_118.743240,15418689245825196425
sifc,37.923380_112.538490,8406420198923432637
sifc,41.278220_123.710910,4372924484597115495
sifc,31.709660_118.485130,1790857925584805883
sifc,31.410000_121.465000,1014347666917008225
sifc,30.625520_114.444450,16156933174708020281
sifc,31.905000_120.545000,2098519924719712764
sifc,31.980237_120.571455,8273966432256775035
sifc,39.257823_119.033567,9794371280145712581
sifc,24.385304_109.379630,3872206307376323258
sifc,40.044026_118.552001,2633927279526644832
sifc,35.665945_111.025976,9869561981375281460
sifc,27.645550_113.902126,6340647630356976787
sifc,36.664097_114.115263,14589311977233414267
sifc,24.673567_110.789590,14282056560660711358
sifc,41.173613_122.945501,13265655353065910850
sifc,26.261109_117.614709,14962605444661453476
sifc,36.229201_116.533981,15757347929529415640
sifc,31.435149_107.685981,15521709371343976241
sifc,29.916729_113.822921,1737181838007967677
sifc,36.621504_114.128189,14297129812986761639
sifc,43.200230_124.335697,18239292378832905807
sifc,40.689778_110.214707,18187030214030279003
sifc,35.701895_110.786826,5512124296429649012
sifc,35.934831_111.497070,15593358854650918391
sifc,41.838774_123.806586,6850941507382166383
sifc,38.970638_117.495794,1507338272936302221
sifc,32.138393_119.554693,462171491463043610
sifc,36.308447_117.540425,7000281204499620633
sifc,36.033646_104.035535,1037662035849162788
sifc,37.075017_111.985148,6581160209099300705
sifc,27.615147_106.949926,9993509594999291386
sifc,28.787202_120.248592,9923334222021164792
sifc,46.602297_131.071877,16551251857092398761
sifc,31.602554_119.724256,2781830630306722266
sifc,44.011951_126.537086,605180502793786952
sifc,32.127263_112.715688,15472285632166173255
sifc,31.723833_120.835685,13688998405219103685
sifc,36.131666_113.872158,402815301556181200
sifc,35.727776_111.330122,5381423388913801645
sifc,30.204603_115.125838,15372437820798191700
sifc,23.088182_109.634638,11935079532179169885
sifc,23.524465_111.240200,2070377237538758891
sifc,46.055685_122.063282,17051958465906678831
sifc,34.263509_113.853979,11061916961849716358
sifc,39.925508_118.672757,18035895622731062057
sifc,25.142516_102.077727,4386741943690473606
sifc,35.879956_114.334825,7176966400025930230
sifc,31.246635_119.120443,9829332312644013500
sifc,37.752351_115.184798,16777839259783057540
sifc,35.586841_111.258436,14818661876534804053
sifc,35.662985_112.882395,14059295737199924355
sifc,41.191380_122.877311,3571890581747463783
sifc,39.610605_118.474722,14053792582197668084
sifc,39.938866_118.576678,4044829845030328743
sifc,23.397750_114.898646,9010418922645851439
sifc,36.668560_101.671414,14692192272044280949
sifc,39.748373_118.624794,8294674891649177823
sifc,45.562002_126.968128,9126925808253950950
sifc,29.397980_103.542532,11391891871547415709
sifc,26.768925_119.765203,18255306474996527903
sifc,33.211332_120.774892,16988088216026323628
sifc,41.841223_123.753895,4079847245929803684
sifc,32.027791_119.577060,10838307913431521622
sifc,25.244396_118.029905,5309733547417286374
sifc,34.500122_116.908897,10754175294618875088
sifc,26.595229_104.877413,12050252623697466638
sifc,35.618466_110.575788,14278464052942359056
sifc,39.222566_118.094201,8353077823707686964
sifc,27.224477_120.328828,3183077677919460795
sifc,35.605506_110.652056,4689919242845759832
sifc,32.329171_115.954963,271419996558646341
sifc,36.733675_113.925995,3443529101147686567
sifc,35.694321_111.429381,4259711972296567324
sifc,32.838703_119.425236,2434714583858528603
sifc,39.852710_118.181279,14847895830331338149
sifc,29.778431_116.275270,10777257038394054290
sifc,38.075008_114.033043,12337918938248183122
sifc,35.196903_119.382735,17173383254015651530
sifc,38.391372_114.139998,12318071073289453339
sifc,36.221410_117.627728,14408662453442668729
sifc,31.062807_117.956015,8806409636687488803
sifc,40.515035_117.596071,16041755373842701463
sifc,24.953261_102.378082,5894404895617399025
sifc,37.370796_111.161118,4001975053119942020
sifc,28.090098_119.519509,3397331145398418263
sifc,36.106143_117.820108,6539386282476754246
sifc,39.976702_118.558788,4005094625278438578
sifc,27.818712_112.897751,2001578936564940865
sifc,37.086116_114.384832,1504744614873286108
sifc,27.748222_111.970149,1787334135716846561
sifc,39.160401_118.429806,13242142845673557652
sifc,42.278115_119.015289,9615787225774413434
sifc,31.502272_118.465162,769000657851120709
sifc,21.960920_113.198718,7014375359155444435
sifc,40.183913_118.073913,8552280740482173907
sifc,33.364534_115.099661,15908742734525251584
sifc,36.685881_113.837073,6561087714518194219
sifc,22.585000_114.440000,282032764877367418
sifc,38.933100_118.532900,7187579680825588945
sifc,22.593800_114.444500,12391850432265095489
sifc,38.960400_121.884100,1319479386961136428
sifc,38.931100_117.874100,4971117635547910645
sifc,21.448600_109.532100,12243256502860632042
sifc,30.604400_122.102400,6416630732596780685
sifc,19.777700_109.160500,7698662759983641215
sifc,22.576600_114.436400,10859738608067042312
sifc,35.586200_119.759700,2996760632621640905
sifc,25.213500_118.998300,12146878118769214306
sifc,24.303060_118.126390,3939866674463480900
sifc,27.903136_121.127993,17183340548050047833
sifc,34.286581_120.270733,1771487043695061583
sifc,21.588573_108.354728,2337385307241704722
sifc,32.529623_121.426788,14103138230866757763
sifc,32.041846_121.746907,13185416014753845500
sifc,22.618619_114.384841,405004460542771578
sifc,30.681206_121.246827,7497510994416305086
sifc,22.839693_113.560184,9192929924195439396
sifc,23.583697_117.128510,13903744414692154794
sifc,22.953596_113.556552,5551281737875142701
sifc,21.898671_113.234963,3684356539137293232
sifc,30.100617_122.282508,6927087416889186068
sifc,29.918509_121.897766,9182065737217392571
sifc,22.934479_116.371427,924594402271330515
sifc,19.977562_110.057687,641396630856361655
sifc,31.293674_121.707193,16231575707414104408
sifc,22.597700_114.543300,7559962142089162258
sifc,36.708300_121.383300,8614473165536834704
sifc,30.441300_120.941800,2541497084251814157
sifc,21.708300_112.261100,299966879184403353
sifc,21.670800_108.558300,5865581821524345848
sifc,27.044000_120.284000,11967762283970522517
sifc,22.600000_114.550000,11794296312900227755
sifc,39.797000_121.476500,7839508263845934322
sifc,25.440600_119.441600,2402877050682603052
sifc,30.435800_120.959300,15081832252139576627
sifc,34.686400_119.458600,8147871704585272530
sifc,29.102706_121.638230,3308267147694143815
sifc,21.918300_112.981800,2502985917056235466
sifc,19.460188_108.899942,6095558855533936104
sifc,36.979200_122.531700,2460448303710556099
sifc,23.132000_113.476000,6774131113205148236
sifc,46.527200_125.088530,6892143073204594002
sifc,36.054410_120.187660,4922352315620956252
sifc,31.343170_121.553670,389520938304050584
sifc,19.763810_109.180730,8816447133747080689
sifc,39.736060_115.965280,3899164032362667127
sifc,41.830770_124.050210,15238680817236566835
sifc,21.045020_110.450660,4762549284888951017
sifc,36.758560_118.252150,3858855958006932497
sifc,29.540130_113.372980,5564142133709984207
sifc,38.827300_117.408890,17085521439232857307
sifc,34.913890_112.598910,13985262297453575549
sifc,30.706940_121.300040,15097893622441809714
sifc,39.570000_121.265000,10153378334566680377
sifc,43.904310_126.593170,2015852410320021786
sifc,38.979110_121.646290,17245863604515895589
sifc,25.056760_118.895080,11434963184900282222
sifc,32.160310_118.919430,4025539992281143181
sifc,41.211600_123.232200,1505053408121896099
sifc,29.980980_121.671700,2738000020850844888
sifc,30.650730_114.434980,3700761540376977988
sifc,36.110990_103.641810,17100721739067034276
sifc,21.681740_110.880450,12411190625521423755
sifc,36.125930_103.608180,2405520059988563187
sifc,38.337538_116.873481,10635394613028849626
sifc,34.362449_108.760541,16843227260783413194
sifc,23.805910_120.208420,17982351835494010998
sifc,40.834000_121.045040,1019644047623504186
sifc,21.824150_110.844830,13373597351780202048
sifc,46.561570_124.827190,782709330090001762
sifc,32.261957_118.788113,14368604332201901614
sifc,22.938934_116.222475,13689715432777332404
sifc,25.034075_121.308367,1372131629795619756
sifc,43.965291_87.713888,6420763411957207053
sifc,45.757070_126.737895,4868678002827303427
sifc,41.195405_121.991005,6584759739733629984
sifc,43.967650_126.482320,7920882588186895407
sifc,41.051630_120.982510,7464978090940771891
sifc,29.740461_116.066279,12014174600275144125
sifc,37.579540_108.831713,4645979421196407349
sifc,40.735965_111.752458,7063983027293831701
sifc,22.710150_120.315943,10918459803040790190
sifc,40.735074_120.827047,17440431528827662714
sifc,35.654366_109.340936,9399355747965546260
sifc,41.155939_122.094434,8254789708791163636
sifc,30.530037_117.025036,1191628403283551657
sifc,25.184660_118.942742,14807443941339012922
sifc,22.527084_120.358668,17019446134474869612
sifc,24.911964_102.374498,15265874338016087604
sifc,36.778451_118.170405,13116242206103811182
sifc,41.139594_121.092785,5242931731531994638
sifc,21.766826_108.598460,6754856557568008252
sifc,37.004545_109.840141,292576929916538130
sifc,36.213548_120.361734,12429030317074086507
sifc,38.985009_121.842595,17395396315204509609
sifc,38.479469_106.061250,5450215283169236242
sifc,37.979143_114.671423,505745337729266429
sifc,36.765513_118.057066,15856156334984265438
sifc,43.867602_87.374837,6954470455565150221
sifc,38.735228_116.130212,5845402526808963836
sifc,31.015475_112.217200,15416384030626266964
sifc,45.083402_124.853629,3848535482516650533
sifc,36.691717_117.159494,7368644911785473607
sifc,22.754390_114.594621,3824026191226302043
sifc,38.424683_106.116945,14913153482312230499
sifc,31.755500_120.969900,15032883598004221746
sifc,40.367000_109.996000,1246256055761437651
sifc,39.219300_117.929900,17402332590833048639
sifc,23.005560_116.546670,8055141662734569400
sifc,21.866670_112.922780,9508015704217661466
sifc,21.700500_108.624300,13981029409322168631
sifc,34.377900_117.175900,15504419433709869002
sifc,29.940560_121.813330,13237143755213076279
sifc,35.326670_116.933890,312284856028518808
sifc,32.684170_116.901390,10325959986823228865
sifc,44.268900_87.687900,1559409161890214242
sifc,42.223700_116.029300,8910857967211245933
sifc,31.656800_121.179800,6063036081251327021
sifc,37.447700_122.205100,13761528358823667395
sifc,32.195800_119.249700,4958939604349669710
sifc,35.167600_112.716500,12703839987508459424
sifc,24.727300_118.749700,11625129370652612555
sifc,37.432200_120.018100,5119476950286280761
sifc,30.760700_121.400800,775981585686244898
sifc,38.057500_106.691400,11033701022542493190
sifc,40.080000_120.007500,12696079717117239651
sifc,30.629720_121.146110,3852939061577488523
sifc,40.028890_113.293610,12299980586177053301
sifc,29.347200_106.434200,13547990294295815969
sifc,31.355830_121.597220,4065325363591954935
sifc,30.551800_114.642000,4869244202459650467
sifc,31.915900_117.248000,782297087812516537
sifc,22.747220_113.677500,15380307011027170865
sifc,37.892300_112.091400,9797510333298812659
sifc,23.566110_117.096940,14660289569845819385
sifc,32.181670_119.576390,1695602596286120002
sifc,35.469720_112.578060,16618299376836387143
sifc,40.196940_111.364440,1628590338179427159
sifc,29.487780_121.509440,6353070517398662111
sifc,28.115830_121.137780,3844604640881698519
sifc,30.656600_113.917300,5377662848241022868
sifc,38.148300_106.345800,14318768832214085418
sifc,28.132629_112.958321,13973042818816769085
sifc,30.509837_104.116401,2977634880747852262
sifc,39.825986_116.434918,16832517066845924437
sifc,31.252429_121.742610,11560709917201804271
sifc,39.961221_116.508744,15039390267041423651
sifc,24.979520_102.715382,7411092142965257698
sifc,32.000547_118.849118,1164492227281647432
sifc,30.671179_114.286834,4021610673874640978
sifc,28.278597_112.944702,12364857184240327444
sifc,31.500192_120.366377,4452574037479313735
sifc,30.294896_120.309488,18006479202230370137
sifc,34.366993_108.910052,3727051060292352972
sifc,31.348298_121.611660,810503109020932064
sifc,37.958995_114.529093,12537246238524337199
sifc,39.895771_116.525970,6201779682022983052
sifc,30.447735_114.413491,13667264997885293441
sifc,23.124946_113.214134,4905939599568963612
sifc,23.096080_113.462711,4153507684509322022
sifc,30.592278_104.003342,5492438628866570882
sifc,31.581264_117.875804,3051420042339863720
sifc,31.528564_120.329457,16315492856157636367
sifc,35.021874_118.344514,11668026373441670535
sifc,36.204131_113.067488,6119036280643043624
sifc,29.976792_106.366039,7521048900407769433
sifc,31.848273_120.143232,6351910323901388196
sifc,30.336128_112.143048,2451540923248669146
sifc,30.863736_119.964085,17044752745072264386
sifc,22.510668_114.119448,13229717301710712244
sifc,39.241556_118.173555,490414522220115610
sifc,32.825430_115.930455,6490705212849307578
sifc,23.083456_112.519960,5678029784995589171
sifc,31.756628_119.855982,8476579408438011760
sifc,31.613639_120.843655,15892366244929043865
sifc,40.171072_117.928697,16071293658593162056
sifc,24.279860_109.450309,4783301355812631947
sifc,28.729298_115.873253,17889426835051272416
sifc,22.678724_114.040010,13766967418694070257
sifc,40.709400_114.886361,905998632123472588
sifc,26.053304_119.364520,17657429670161339506
sifc,30.750066_103.907743,334326372689391038
sifc,23.053193_113.343570,17699367641995939125
sifc,22.457079_114.190673,624070482640444203
sifc,40.706567_111.557125,7806988594816216387
sifc,35.701082_114.566981,2228240445325823424
sifc,31.661706_119.972628,834469654720699975
sifc,24.736483_113.566461,3541368602570820502
fmow,44.275361_-68.313382,15127994727476693992
fmow,30.075694_-94.088092,6872269242293205962
fmow,38.096501_-122.265953,2592230052989884766
fmow,30.338308_-81.627843,1627236417226900352
fmow,40.517480_-74.246335,14432046395213925446
fmow,43.655386_-70.250666,572618059491150400
fmow,29.860601_-93.940398,2093441683336116689
fmow,33.744488_-118.195944,5670234691986881754
fmow,37.808193_-122.333810,14363911450860827111
fmow,47.586195_-122.352989,16280573274050075912
fmow,40.761659_-74.020873,15755994467280046483
fmow,47.271102_-122.417618,6625103942624329573
fmow,30.711765_-88.041952,9412763489405191531
fmow,40.666665_-74.016666,4768841707351607574
fmow,45.565944_-122.725654,9442989570058970514
fmow,38.364024_-105.101136,16489324486578109165
fmow,33.305800_-112.849293,7646010391085612514
fmow,39.701950_-121.769948,6440311679955872694
fmow,39.560602_-77.713995,12161463819432590267
fmow,39.777126_-75.122879,13538408814588145922
fmow,33.731619_-116.390567,10110680491632749085
fmow,40.048148_-105.180467,6046398904024812064
fmow,39.969312_-74.897232,188189464958257154
fmow,32.191540_-110.867734,10048389426629786295
fmow,38.560702_-121.576735,2974558025567638178
fmow,33.616118_-112.312433,6410436053457296883
fmow,32.116197_-110.791393,5058872229899275848
fmow,40.632034_-122.319682,11979092860305527226
fmow,39.570559_-119.799925,17295909606966818618
fmow,32.191837_-110.879693,10585280423354126083
fmow,28.516850_-80.649535,1226146140672270533
fmow,37.958036_-121.986327,12155628769849581138
fmow,38.756408_-104.751520,9124546431172952179
fmow,38.582248_-121.732979,8041637488079468056
fmow,32.191877_-110.884998,8016709908886174489
fmow,33.764399_-117.017133,12126669507484945567
fmow,40.560672_-74.551324,15004766605711979279
fmow,45.544577_-122.961161,11578568484621213260
fmow,30.237066_-97.512209,3058608465096390559
fmow,47.031688_-103.098890,2038989128075398767
fmow,21.300953_-157.681170,14397895122625067538
fmow,39.725871_-86.312317,5715603565841404984
fmow,38.239389_-117.362761,484835550595818062
fmow,34.262466_-118.674851,3344302892710181297
fmow,35.690697_-120.335137,7114536099880223230
fmow,35.047913_-120.538831,2338159214467698471
fmow,35.525035_-97.590057,2389020148563462993
fmow,37.443386_-122.283252,6335699236220364125
fmow,41.144494_-83.444229,14303098026366512512
fmow,20.675243_-156.435107,5563620615829790334
fmow,37.487721_-119.957840,3120423883671268439
fmow,33.878652_-112.143764,3958869746266593343
fmow,38.009167_-121.909939,2520741316675596476
fmow,35.361549_-120.835929,2533041411737106744
fmow,34.214579_-118.921160,6416656660614220526
fmow,40.651474_-74.100225,4232919638311366580
fmow,43.627712_-70.265129,10875865396855324821
fmow,40.711528_-112.054500,10976717768737396059
fmow,33.537069_-117.725581,14767228684344191915
fmow,38.035712_-121.892469,5368566558779878383
fmow,37.651985_-122.472744,2871417109645745577
fmow,34.914902_-117.951169,15677833908172286308
fmow,40.705597_-73.311152,14494716170938404567
fmow,35.467950_-120.730519,11147742241888681924
fmow,41.298722_-72.906591,4259070065397149506
fmow,40.545047_-74.239757,4804761254557145541
fmow,44.310316_-69.823081,422737996355758712
fmow,40.551718_-74.222938,1775048984556461698
fmow,39.993752_-74.206308,6469014398118033912
fmow,38.023910_-122.129098,5531457657571884704
fmow,35.444721_-120.547395,4172061887599632276
fmow,27.974025_-82.766734,3895086289857500369
fmow,42.273699_-83.407786,6124293248653597028
fmow,20.883144_-156.512724,1355802531885126770
fmow,38.072451_-122.546587,18331195489808108
fmow,33.768800_-116.453958,190370705046009317
fmow,33.764716_-116.688772,6163534475929862015
fmow,32.844035_-104.394494,16125334575325116463
fmow,42.043273_-71.051779,10023465287177548869
fmow,32.501098_-94.846091,11561850442101651883
fmow,33.565242_-117.697602,1759699487005662285
fmow,40.845644_-75.068021,7956897203143105843
fmow,24.566117_-81.796010,17420058731729330329
fmow,37.931314_-122.400790,17984903619469179875
fmow,33.723125_-117.168025,7558708014349720986
fmow,42.282505_-87.896216,9619494715180030396
fmow,34.729152_-86.621551,15744720111145849818
fmow,37.494538_-105.006639,428850598271060592
fmow,28.022404_-82.429918,5413746250544685915
fmow,40.148474_-74.743093,2845798830971671765
fmow,38.003515_-121.935170,3867319947462805864
fmow,39.918477_-75.195706,11272077062918486993
fmow,33.693213_-117.415638,17468568027793018947
fmow,33.767055_-117.508000,7538992951830721148
fmow,32.814472_-115.679504,13273668819031048420
fmow,35.721535_-101.420266,15764586787969684069
fmow,32.844813_-104.390004,6438717439993898779
fmow,35.406372_-120.863246,13284818816346725581
fmow,42.390642_-87.876276,5497549759274550944
fmow,38.298102_-87.560989,16483933415578114417
fmow,28.019032_-82.721838,15176021143155510965
fmow,33.284455_-117.388179,11512644329947158592
fmow,41.415336_-88.189319,17870907146320678392
fmow,41.661026_-73.905199,4772984471231942273
fmow,34.846228_-120.425032,13692294022521361527
fmow,63.930198_-145.766825,14447483606985021792
fmow,33.954091_-117.285205,10298933869785624572
fmow,21.361726_-158.084367,14993936689794584860
fmow,40.511929_-80.223701,14724939769893613530
fmow,37.502216_-121.904108,1837263507310024084
fmow,43.625620_-70.268359,3941936623649003798
fmow,34.303658_-118.710417,3191495922388494548
fmow,30.422350_-89.062476,1146310993336637839
fmow,41.374612_-79.818219,11137648157941341993
fmow,39.291197_-83.979841,9334749752713320399
fmow,42.330671_-77.308159,17576108869803543948
fmow,35.455450_-77.666689,7914892188448121767
fmow,41.325473_-81.337842,8982396741112240685
fmow,44.745151_-92.846727,2445411691503026804
fmow,20.896212_-156.456172,10365591941873704163
fmow,29.947522_-90.347714,13674364919083831779
fmow,41.351630_-83.790041,15324530273248979540
fmow,37.287764_-93.341008,6416213497825539589
fmow,28.925642_-81.938217,10121583004341814760
fmow,33.358664_-112.582836,9377159160734831309
fmow,35.037514_-81.029527,17575253212880532105
fmow,42.145498_-72.695382,16699588602652746490
fmow,41.172326_-73.173383,1927286824200382617
fmow,42.068670_-88.002121,17100087641297913942
fmow,45.426902_-122.376396,3032071264004017606
fmow,39.425914_-77.381248,13980500982495953282
fmow,37.519791_-120.930498,17354721191004908503
fmow,43.342398_-78.686213,12824026426902822687
fmow,33.231582_-117.392437,2345747024172294644
fmow,32.627135_-85.543848,15244972898182916089
fmow,35.098674_-106.687802,5275440424835622794
fmow,38.739167_-105.179190,92637077144370210
fmow,41.743573_-81.260599,8966839296924497241
fmow,29.336769_-99.129641,10694138725415628060
fmow,35.169475_-103.738504,17654139587984970992
fmow,41.869850_-98.019646,7729424410238727619
fmow,42.763498_-115.006560,13568082186233228403
fmow,44.502953_-96.652001,10428011075290972323
fmow,32.236456_-100.205927,9819437847827950994
fmow,40.983337_-103.466788,16334052354516608031
fmow,32.937027_-101.336378,9932329533610396635
fmow,35.099286_-118.338726,3250558323583511634
fmow,32.022894_-100.946904,8917803380756005318
fmow,34.810526_-105.139463,9950329597108771010
fmow,35.074249_-118.375447,2513194679865552006
fmow,32.303651_-100.043093,10195651567504577226
fmow,35.065367_-118.341906,13264662002842532274
fmow,46.266179_-109.494802,6152520178834029185
fmow,32.001717_-100.983613,7367321970685352622
fmow,35.056823_-118.385491,6307529690136893804
fmow,41.167225_-88.689717,11993496521125371006
fmow,40.692209_-87.486286,14953647863864781425
fmow,32.650481_-99.473407,13689977771891557867
fmow,32.603353_-100.701232,10024159440427520995
fmow,35.262854_-118.200245,4630895051239429301
fmow,45.378254_-70.536428,12651421857332459620
fmow,44.866399_-0.556044,15331565494244024748
fmow,47.283331_-2.199999,4586556337004071764
fmow,43.136464_0.937719,8573086331704439277
fmow,44.015300_6.008086,15141683494946838632
fmow,43.727183_3.838278,3647119077446596108
fmow,44.014764_6.003603,12217287180632173147
fmow,43.333950_-0.363652,11745380918156867657
fmow,47.091285_-1.197665,13447902239043842386
fmow,45.672319_0.365111,16346030194861133945
fmow,45.746102_2.138279,765440448763093652
fmow,49.334668_4.584361,12175931729678929995
fmow,44.896459_-0.567755,10630701785178286143
fmow,45.664030_0.362110,887762038531873991
fmow,43.295327_3.214010,15184989136320409289
fmow,44.896804_-0.574191,9246848268562714190
fmow,50.364990_2.816282,18287439215990014446
fmow,47.217499_-1.367997,11999158725444000719
fmow,43.628324_7.034348,8092001238726205044
fmow,47.222910_-1.362732,6895483942109471926
fmow,43.318946_3.410964,8545506516217526816
fmow,44.010706_6.016077,6183097187955572772
fmow,43.761875_5.984870,8203405784133739487
fmow,47.419459_-0.619467,10515489267758654468
fmow,43.656845_-0.787373,3322837049989128535
fmow,49.776209_1.756088,17769378575579139222
fmow,43.496161_5.178906,3437910963096578010
fmow,47.739805_-3.359991,14314578952430180103
fmow,49.485409_0.227812,12429345850679029372
fmow,49.465549_-1.326348,5102191914645493965
fmow,47.316888_-2.059731,9802962847481832104
fmow,49.485885_0.245399,17861362341022216101
fmow,45.040764_-0.605766,11720106434435215099
fmow,48.532683_-1.289824,14870297740083444440
fmow,49.378991_1.013750,7116956692574612777
fmow,51.001699_2.325931,11831544045322039932
fmow,48.551221_-0.408402,16358599518235848772
fmow,46.891062_2.582140,10255376537523517447
fmow,45.711027_4.836952,14411716922329866995
fmow,48.942272_-0.355211,4190016941841073588
fmow,43.444855_4.927504,13772291727341241585
fmow,48.532491_-0.467978,14052936513891046283
fmow,48.508723_-0.356144,839450301348827268
fmow,47.279033_-2.201425,10075373610258907421
fmow,45.677385_4.841782,15482516889420522354
fmow,48.571399_-1.318554,15540423361575011557
fmow,47.230151_-1.677572,7797291220959033117
fmow,43.387666_5.015223,17590816271136760101
fmow,43.229733_5.395398,11241121656482183181
fmow,47.977956_2.953103,17206860675755427754
fmow,47.800509_2.997884,15232535734623141991
fmow,45.682848_4.853636,7207861558761493644
fmow,51.001543_2.322088,5435746684442044698
fmow,43.454126_4.920226,11240120197707340479
fmow,45.612430_5.111326,5384829056905018022
fmow,48.460088_1.748392,9072057666981970058
fmow,44.999006_-0.550148,13114810090811080524
fmow,49.586945_2.985051,16181127727114386944
fmow,51.016271_2.149812,15697014094264071818
fmow,44.434110_0.148912,18108565387923254849
fmow,43.326005_3.039192,1363024222874519895
fmow,48.093116_1.884027,5980265653166942402
fmow,43.291031_2.763704,8815225551492651257
fmow,45.120575_5.710559,5789745110160031750
fmow,43.586420_-0.380835,14377886287052873295
fmow,49.057712_-0.637465,15116692500350427218
fmow,43.338650_5.163035,10292366926830967015
fmow,48.849184_-0.868892,11485902694707342174
fmow,49.323471_-0.386340,14968920305514881556
fmow,49.863559_2.226690,6416834111549933196
fmow,49.046804_0.365341,16553172094334170869
fmow,45.706999_4.845425,1103599862370718324
fmow,49.835228_3.484371,2404433645754815487
fmow,43.208645_0.004156,9889590300469436112
fmow,48.665572_1.968093,11454434875404902435
fmow,43.248195_5.419452,12262783449152559952
fmow,48.589634_2.948381,2840780682718181939
fmow,43.466821_4.918467,14980568406643163378
fmow,49.742802_3.052392,12912959709270449608
fmow,49.485085_0.249991,2273771096281746247
fmow,47.387091_0.749351,4015788613210774620
fmow,47.097430_2.504993,6392754169725598513
fmow,44.990332_-0.538217,17940486327280094456
fmow,48.978012_1.787862,4185550552624035515
fmow,43.390422_4.993744,2793939194954189485
fmow,47.773182_7.427498,16528286929716773039
fmow,46.804046_4.867701,7308886799369114625
fmow,49.311664_2.330495,3493555035555036689
fmow,45.573008_4.923576,5005831270627068227
fmow,47.982978_-2.595344,8150918380221012975
fmow,43.378014_5.023551,11800385483567456403
fmow,49.705677_2.792838,4058349463412198767
fmow,49.410489_1.021670,8626379959304398722
fmow,46.600490_-1.445926,12765947379571002830
fmow,46.788767_-0.914567,3623155458075017892
fmow,43.847996_0.094773,10853416197614740749
fmow,49.334705_2.680168,2471499231676373994
fmow,48.499347_2.792728,2003027026377153556
fmow,47.285245_-0.853568,14911661169592497448
fmow,47.970393_-0.229281,2872624046487375278
fmow,44.440751_0.608935,8780198178062041757
fmow,47.818682_1.747662,8155895787967479673
fmow,49.350132_1.197989,1804141400122849459
fmow,46.798121_5.692149,9275157804696110391
fmow,47.493001_-1.427019,98791305485923348
fmow,47.018740_-1.573167,1768921879025051111
fmow,44.189051_1.611161,2538360939902102302
fmow,42.563377_2.974677,15036408286351998660
fmow,47.218819_-1.038942,17569843163804852395
fmow,47.870928_2.656590,2992885098466420673
fmow,46.957983_-1.757572,16569113693059599481
fmow,47.179049_-0.881632,14251371876519552710
fmow,48.717740_5.660334,12758399421467484825
fmow,43.193774_3.069280,12241091637295084986
fmow,47.665273_-0.247029,11966220505222527531
fmow,47.103063_-1.298665,5503634202609269775
fmow,48.103940_0.578190,9793151818399021843
fmow,43.524330_1.526862,1145447676147864467
fmow,48.562870_-1.516299,3552073483799695127
fmow,45.595525_-0.838359,8251525243349815972
fmow,48.027224_0.334646,16980602683582205789
fmow,45.039892_0.358968,7968978379348852255
fmow,49.940740_3.408270,12952558199845159938
fmow,47.288652_-0.921221,14797216934759448005
fmow,49.194311_1.217053,8884817809844475666
fmow,50.293491_3.560201,14493247765101642880
fmow,46.118996_1.043420,17945176353468160757
fmow,45.767690_5.220771,9222251112578420224
fmow,46.021922_-1.175701,16115458406552323942
fmow,49.874594_1.146518,14587119476649368067
fmow,49.602960_3.217088,10028917460143316811
fmow,50.638998_2.706795,5319020340927012627
fmow,47.503786_-0.526284,11262781464657935722
fmow,49.217809_2.144668,4511467365889046993
fmow,43.632901_6.950386,15434921369050600020
fmow,48.444196_-4.728271,16617982944401246506
fmow,48.374072_6.483879,13075369598936058965
fmow,49.879807_3.275062,11534312174703853845
fmow,43.444008_4.786773,15788083680449682438
fmow,48.480739_4.001280,4606213060847302598
fmow,44.154035_2.805520,1425593055217422890
fmow,48.411747_-3.274064,7907530711095988047
fmow,47.538764_-1.568863,5973260068644111478
fmow,43.620035_4.767153,8468256513640835942
fmow,47.212763_-0.550262,9185898053096360017
fmow,48.669263_4.033527,8026967793325927038
fmow,48.467787_3.822325,550917675976095515
fmow,45.998048_-0.751855,6682081445159160903
fmow,49.149084_6.968704,15155063536006632431
fmow,48.191045_2.223166,1072147296628014400
fmow,44.726421_37.779622,10633680155163545682
fmow,42.799999_132.883333,11040020540231606645
fmow,43.112019_131.907748,16184153617336832721
fmow,60.000083_29.704335,17720718227538097183
fmow,59.890931_30.226904,825873335415377995
fmow,51.773262_87.609073,5311234823862534219
fmow,50.829257_36.480701,6765097810140664718
fmow,44.846376_41.320854,14080483901001492146
fmow,59.487917_32.070785,1917586189138321459
fmow,48.498724_135.042073,8953100451933600194
fmow,55.117602_73.260325,718408394625909267
fmow,52.812667_79.889436,5480340642516147325
fmow,54.788849_83.075834,11392076666856057495
fmow,50.633042_137.063339,1586886627692013289
fmow,52.533514_103.938180,2747967231248191334
fmow,44.099604_39.091257,10025288025882327245
fmow,56.299865_38.162021,15257852915871526828
fmow,42.784266_132.882159,8425805762449479731
fmow,54.884065_56.089199,15773964638980844872
fmow,48.502513_44.617834,5511647246516741209
fmow,53.235716_50.459910,1891631141812480020
fmow,44.717600_44.998090,14909901798933762136
fmow,55.078505_73.253658,15088492763916910436
fmow,56.754850_60.794063,9708179745613007605
fmow,57.030536_34.982634,12500998714496775297
fmow,55.600385_51.978759,8887432951071922609
fmow,55.349146_85.966475,2560386897752265281
fmow,56.794427_36.010626,136862294598759630
fmow,56.123578_44.111452,11848787496256520388
fmow,56.868378_59.059753,14833242234015279463
fmow,59.479440_32.068992,690084787159003301
fmow,58.993108_55.934760,17503861134514647261
fmow,43.011956_47.458962,4276644129382234349
fmow,45.020722_39.056033,10844419949145576742
fmow,53.371476_83.938630,3014056532569977500
fmow,55.329815_64.512082,11023891805047349292
fmow,57.753338_41.026518,3062721431132953271
fmow,54.932757_56.067474,7873025823839994291
fmow,52.781604_103.615503,15247371062804990136
fmow,52.721856_58.712551,2086227196511441254
fmow,50.830138_115.810901,15505229709326715479
fmow,56.824720_60.682637,4244670808397614526
fmow,49.749988_43.670979,1194464810640888671
fmow,50.445502_136.900002,81170142782132251
fmow,59.685054_56.680902,3878144878085240078
fmow,56.871634_60.580238,18164092042934899230
fmow,55.081884_73.245985,11351660069338304123
fmow,53.428382_55.887142,16285772446693201692
fmow,50.599120_36.616140,9055098782174514511
fmow,46.332126_48.083914,7973842870775616733
fmow,56.012131_92.945233,15474215050503226798
fmow,59.478848_32.076234,1478400858937935710
fmow,53.029708_49.425459,5237326582269896325
fmow,56.459929_90.549553,17419526257904812198
fmow,54.909343_56.169724,11153310951178262366
fmow,60.340024_28.725355,8437285250326081651
fmow,52.508462_103.934733,2476679861666150486
fmow,55.002274_82.649259,1875169742010156924
fmow,43.106429_131.999653,8900557891670842506
fmow,53.854116_50.292270,4041394511614367302
fmow,53.166435_91.480051,12621653277073757732
fmow,56.033153_39.983698,10245419454328550841
fmow,55.585299_37.757755,16303011597803936305
fmow,56.259723_93.520461,2672790115173623099
fmow,46.668521_38.317766,2762271882760059019
fmow,60.015364_29.726817,15724256835701612210
fmow,54.746390_61.291026,16772696721947720850
fmow,50.828355_60.999370,90837959768749998
fmow,57.446177_41.169161,4730801222576718912
fmow,53.239039_44.952723,17695288641797153789
fmow,57.601444_48.986077,14898649851170450509
fmow,59.761696_30.606081,1159516509528539155
fmow,57.784739_29.551265,1686660349032352665
fmow,56.160967_93.349023,2186527696746639920
fmow,51.262943_37.665852,8533265277961378778
fmow,59.934823_31.002736,10862284481274923693
fmow,57.728987_40.986732,16338765607276829064
fmow,56.364587_38.604365,14282338102613327645
fmow,55.862167_39.067405,18087666848105979907
fmow,56.125567_37.068042,741201303364449574
fmow,54.939153_38.041926,8435028055069211013
fmow,55.416131_36.719637,11408738278635930433
fmow,51.290758_37.728686,10755433918315230991
fmow,59.149561_57.555837,7714431401894786510
fmow,57.508850_60.250245,2934049745651638175
fmow,54.578822_54.250386,16994187098088421850
fmow,48.450551_135.156620,18168181529789099169
fmow,54.936562_20.371818,14131175461299459810
fmow,48.450151_135.156627,10596746102450326750
fmow,56.730816_37.118046,4669397586310579815
