country,industry,center_latitude,center_longitude
USA,Shipyard,44.2753607915,-68.3133823769
USA,Shipyard,30.0756940595,-94.0880919082
USA,Shipyard,38.0965008353,-122.2659526672
USA,Shipyard,30.3383077440,-81.6278429306
USA,Shipyard,40.5174804434,-74.2463345074
USA,Shipyard,43.6553859846,-70.2506661096
USA,Shipyard,29.8606006054,-93.9403976144
USA,Shipyard,33.7444883998,-118.1959441594
USA,Shipyard,37.8081925074,-122.3338096358
USA,Shipyard,47.5861954135,-122.3529887629
USA,Shipyard,40.7616588022,-74.0208729970
USA,Shipyard,47.2711020495,-122.4176183781
USA,Shipyard,30.7117646437,-88.0419523820
USA,Shipyard,40.6666645039,-74.0166657419
USA,Shipyard,45.5659439225,-122.7256538289
USA,Solar farm,38.3640241811,-105.1011358620
USA,Solar farm,33.3057995536,-112.8492933495
USA,Solar farm,39.7019495391,-121.7699479115
USA,Solar farm,39.5606024913,-77.7139951167
USA,Solar farm,39.7771260323,-75.1228790934
USA,Solar farm,33.7316194027,-116.3905673020
USA,Solar farm,40.0481482277,-105.1804669425
USA,Solar farm,39.9693116559,-74.8972322430
USA,Solar farm,32.1915399057,-110.8677343610
USA,Solar farm,38.5607022439,-121.5767348960
USA,Solar farm,33.6161177025,-112.3124330490
USA,Solar farm,32.1161967782,-110.7913925500
USA,Solar farm,40.6320342511,-122.3196820310
USA,Solar farm,39.5705587763,-119.7999246500
USA,Solar farm,32.1918369044,-110.8796929005
USA,Solar farm,28.5168499118,-80.6495346153
USA,Solar farm,37.9580357530,-121.9863271205
USA,Solar farm,38.7564079206,-104.7515204975
USA,Solar farm,38.5822478629,-121.7329788750
USA,Solar farm,32.1918772282,-110.8849981000
USA,Solar farm,33.7643986777,-117.0171333500
USA,Solar farm,40.5606718854,-74.5513243403
USA,Solar farm,45.5445773759,-122.9611610000
USA,Solar farm,30.2370656789,-97.5122090500
USA,Storage tank,47.0316884154,-103.0988901585
USA,Storage tank,21.3009531628,-157.6811698140
USA,Storage tank,39.7258714222,-86.3123170835
USA,Storage tank,38.2393889031,-117.3627606685
USA,Storage tank,34.2624664250,-118.6748512000
USA,Storage tank,35.6906967689,-120.3351374875
USA,Storage tank,35.0479129276,-120.5388305005
USA,Storage tank,35.5250353993,-97.5900568517
USA,Storage tank,37.4433856098,-122.2832518920
USA,Storage tank,41.1444942942,-83.4442289810
USA,Storage tank,20.6752425133,-156.4351073335
USA,Storage tank,37.4877206126,-119.9578401005
USA,Storage tank,33.8786516715,-112.1437644900
USA,Storage tank,38.0091673738,-121.9099392755
USA,Storage tank,35.3615489775,-120.8359294245
USA,Storage tank,34.2145787250,-118.9211601475
USA,Storage tank,40.6514737761,-74.1002252837
USA,Storage tank,43.6277118682,-70.2651286601
USA,Storage tank,40.7115282418,-112.0544999320
USA,Storage tank,33.5370690938,-117.7255805010
USA,Storage tank,38.0357115904,-121.8924685255
USA,Storage tank,37.6519852958,-122.4727444340
USA,Storage tank,34.9149017784,-117.9511686210
USA,Storage tank,40.7055967031,-73.3111522038
USA,Storage tank,35.4679502236,-120.7305194915
USA,Storage tank,41.2987216672,-72.9065908669
USA,Storage tank,40.5450473304,-74.2397574824
USA,Storage tank,44.3103160420,-69.8230805839
USA,Storage tank,40.5517178027,-74.2229377789
USA,Storage tank,39.9937520287,-74.2063079262
USA,Storage tank,38.0239096531,-122.1290980125
USA,Storage tank,35.4447213900,-120.5473947875
USA,Storage tank,27.9740250577,-82.7667335242
USA,Storage tank,42.2736990692,-83.4077858011
USA,Storage tank,20.8831443189,-156.5127239160
USA,Storage tank,38.0724508045,-122.5465872265
USA,Storage tank,33.7687996639,-116.4539579580
USA,Storage tank,33.7647157020,-116.6887722090
USA,Storage tank,32.8440350347,-104.3944943585
USA,Storage tank,42.0432728468,-71.0517791207
USA,Storage tank,32.5010981588,-94.8460910603
USA,Storage tank,33.5652418600,-117.6976016950
USA,Storage tank,40.8456437191,-75.0680208564
USA,Storage tank,24.5661167376,-81.7960102433
USA,Storage tank,37.9313137003,-122.4007902560
USA,Storage tank,33.7231245063,-117.1680249695
USA,Storage tank,42.2825045165,-87.8962163624
USA,Storage tank,34.7291516354,-86.6215507007
USA,Storage tank,37.4945383246,-105.0066386595
USA,Storage tank,28.0224043534,-82.4299175830
USA,Storage tank,40.1484744700,-74.7430930000
USA,Storage tank,38.0035153327,-121.9351702990
USA,Storage tank,39.9184767762,-75.1957055875
USA,Storage tank,33.6932129781,-117.4156381360
USA,Storage tank,33.7670550022,-117.5079997485
USA,Storage tank,32.8144718450,-115.6795036325
USA,Storage tank,35.7215351159,-101.4202661040
USA,Storage tank,32.8448129618,-104.3900039850
USA,Storage tank,35.4063717278,-120.8632457330
USA,Storage tank,42.3906416017,-87.8762761518
USA,Storage tank,38.2981017869,-87.5609885516
USA,Storage tank,28.0190316410,-82.7218383798
USA,Storage tank,33.2844553465,-117.3881793645
USA,Storage tank,41.4153357993,-88.1893188121
USA,Storage tank,41.6610264851,-73.9051986242
USA,Storage tank,34.8462280897,-120.4250320000
USA,Storage tank,63.9301982891,-145.7668252555
USA,Storage tank,33.9540912249,-117.2852054235
USA,Storage tank,21.3617262835,-158.0843666500
USA,Storage tank,40.5119293763,-80.2237007466
USA,Storage tank,37.5022164283,-121.9041076015
USA,Storage tank,43.6256198233,-70.2683585915
USA,Storage tank,34.3036580000,-118.7104167250
USA,Storage tank,30.4223501280,-89.0624758298
USA,Water treatment facility,41.3746117941,-79.8182194319
USA,Water treatment facility,39.2911973149,-83.9798409414
USA,Water treatment facility,42.3306712240,-77.3081588825
USA,Water treatment facility,35.4554503724,-77.6666885540
USA,Water treatment facility,41.3254730750,-81.3378418083
USA,Water treatment facility,44.7451508863,-92.8467273812
USA,Water treatment facility,20.8962119199,-156.4561719045
USA,Water treatment facility,29.9475223226,-90.3477142834
USA,Water treatment facility,41.3516296002,-83.7900410643
USA,Water treatment facility,37.2877643419,-93.3410076198
USA,Water treatment facility,28.9256415190,-81.9382169252
USA,Water treatment facility,33.3586643326,-112.5828364455
USA,Water treatment facility,35.0375137461,-81.0295273819
USA,Water treatment facility,42.1454976044,-72.6953819117
USA,Water treatment facility,41.1723262584,-73.1733830125
USA,Water treatment facility,42.0686704158,-88.0021212532
USA,Water treatment facility,45.4269018329,-122.3763960395
USA,Water treatment facility,39.4259136996,-77.3812477988
USA,Water treatment facility,37.5197909489,-120.9304984990
USA,Water treatment facility,43.3423976000,-78.6862132709
USA,Water treatment facility,33.2315821104,-117.3924367510
USA,Water treatment facility,32.6271347020,-85.5438483672
USA,Water treatment facility,35.0986743077,-106.6878024250
USA,Water treatment facility,38.7391667336,-105.1791903050
USA,Water treatment facility,41.7435730347,-81.2605988049
USA,Water treatment facility,29.3367693206,-99.1296412434
USA,Wind farm,35.1694751961,-103.7385042060
USA,Wind farm,41.8698498633,-98.0196460119
USA,Wind farm,42.7634977505,-115.0065597892
USA,Wind farm,44.5029534287,-96.6520010773
USA,Wind farm,32.2364563446,-100.2059272051
USA,Wind farm,40.9833365822,-103.4667879665
USA,Wind farm,32.9370273781,-101.3363778013
USA,Wind farm,35.0992860775,-118.3387264525
USA,Wind farm,32.0228936518,-100.9469040647
USA,Wind farm,34.8105262235,-105.1394625038
USA,Wind farm,35.0742488348,-118.3754465469
USA,Wind farm,32.3036507211,-100.0430925950
USA,Wind farm,35.0653667395,-118.3419055727
USA,Wind farm,46.2661787146,-109.4948015278
USA,Wind farm,32.0017173194,-100.9836128444
USA,Wind farm,35.0568229719,-118.3854908519
USA,Wind farm,41.1672249841,-88.6897167244
USA,Wind farm,40.6922087589,-87.4862855046
USA,Wind farm,32.6504810352,-99.4734071839
USA,Wind farm,32.6033533197,-100.7012323519
USA,Wind farm,35.2628538380,-118.2002445650
USA,Wind farm,45.3782544986,-70.5364276390
France,Shipyard,44.8663992549,-0.5560438151
France,Shipyard,47.2833306255,-2.1999986628
France,Solar farm,43.1364638578,0.9377186348
France,Solar farm,44.0153002029,6.0080860565
France,Solar farm,43.7271827165,3.8382783900
France,Solar farm,44.0147636061,6.0036033983
France,Solar farm,43.3339499742,-0.3636519910
France,Solar farm,47.0912851709,-1.1976652660
France,Solar farm,45.6723194759,0.3651107000
France,Solar farm,45.7461017430,2.1382787483
France,Solar farm,49.3346684183,4.5843613070
France,Solar farm,44.8964593759,-0.5677548000
France,Solar farm,45.6640296025,0.3621104761
France,Solar farm,43.2953265780,3.2140098157
France,Solar farm,44.8968036759,-0.5741911000
France,Solar farm,50.3649903800,2.8162818959
France,Solar farm,47.2174991532,-1.3679966259
France,Solar farm,43.6283241760,7.0343484000
France,Solar farm,47.2229097716,-1.3627321109
France,Solar farm,43.3189459291,3.4109641896
France,Solar farm,44.0107061993,6.0160768763
France,Solar farm,43.7618754374,5.9848700541
France,Storage tank,47.4194594957,-0.6194673078
France,Storage tank,43.6568447995,-0.7873729845
France,Storage tank,49.7762085870,1.7560878614
France,Storage tank,43.4961612788,5.1789062576
France,Storage tank,47.7398053712,-3.3599910518
France,Storage tank,49.4854090465,0.2278118701
France,Storage tank,49.4655487041,-1.3263476279
France,Storage tank,47.3168880561,-2.0597307636
France,Storage tank,49.4858851881,0.2453985150
France,Storage tank,45.0407635161,-0.6057658641
France,Storage tank,48.5326825228,-1.2898238505
France,Storage tank,49.3789913424,1.0137495781
France,Storage tank,51.0016988916,2.3259310134
France,Storage tank,48.5512212690,-0.4084022720
France,Storage tank,46.8910621794,2.5821404293
France,Storage tank,45.7110274905,4.8369523254
France,Storage tank,48.9422721497,-0.3552114773
France,Storage tank,43.4448551557,4.9275037972
France,Storage tank,48.5324906259,-0.4679781249
France,Storage tank,48.5087229805,-0.3561435645
France,Storage tank,47.2790334386,-2.2014248505
France,Storage tank,45.6773849367,4.8417815021
France,Storage tank,48.5713989565,-1.3185539509
France,Storage tank,47.2301506663,-1.6775724674
France,Storage tank,43.3876656372,5.0152227593
France,Storage tank,43.2297332651,5.3953975782
France,Storage tank,47.9779559918,2.9531029485
France,Storage tank,47.8005088796,2.9978835355
France,Storage tank,45.6828482326,4.8536358293
France,Storage tank,51.0015433839,2.3220878653
France,Storage tank,43.4541262236,4.9202256149
France,Storage tank,45.6124303724,5.1113259173
France,Storage tank,48.4600880001,1.7483921843
France,Storage tank,44.9990062883,-0.5501484019
France,Storage tank,49.5869446014,2.9850505761
France,Storage tank,51.0162707947,2.1498120511
France,Storage tank,44.4341095022,0.1489117950
France,Storage tank,43.3260048615,3.0391924121
France,Storage tank,48.0931161346,1.8840269136
France,Storage tank,43.2910310933,2.7637039514
France,Storage tank,45.1205752983,5.7105594407
France,Storage tank,43.5864198944,-0.3808352540
France,Storage tank,49.0577123990,-0.6374651539
France,Storage tank,43.3386500531,5.1630347625
France,Storage tank,48.8491836712,-0.8688917161
France,Storage tank,49.3234707021,-0.3863397544
France,Storage tank,49.8635589771,2.2266903278
France,Storage tank,49.0468039309,0.3653407805
France,Storage tank,45.7069988686,4.8454253598
France,Storage tank,49.8352280987,3.4843707830
France,Storage tank,43.2086453993,0.0041561960
France,Storage tank,48.6655715205,1.9680934552
France,Storage tank,43.2481949549,5.4194517439
France,Storage tank,48.5896335171,2.9483809319
France,Storage tank,43.4668210532,4.9184671304
France,Storage tank,49.7428015753,3.0523918028
France,Storage tank,49.4850851442,0.2499912882
France,Storage tank,47.3870908996,0.7493514330
France,Storage tank,47.0974296961,2.5049927584
France,Storage tank,44.9903320892,-0.5382174543
France,Storage tank,48.9780118452,1.7878624509
France,Storage tank,43.3904222109,4.9937438193
France,Storage tank,47.7731815383,7.4274976183
France,Storage tank,46.8040456034,4.8677008583
France,Storage tank,49.3116635940,2.3304952003
France,Storage tank,45.5730082205,4.9235761324
France,Storage tank,47.9829781164,-2.5953444545
France,Storage tank,43.3780140164,5.0235509021
France,Storage tank,49.7056765414,2.7928377317
France,Storage tank,49.4104893159,1.0216697304
France,Water treatment facility,46.6004896084,-1.4459260380
France,Water treatment facility,46.7887666054,-0.9145668776
France,Water treatment facility,43.8479964787,0.0947725899
France,Water treatment facility,49.3347053699,2.6801675487
France,Water treatment facility,48.4993465642,2.7927277140
France,Water treatment facility,47.2852449423,-0.8535676477
France,Water treatment facility,47.9703926417,-0.2292805779
France,Water treatment facility,44.4407513415,0.6089345454
France,Water treatment facility,47.8186821826,1.7476620067
France,Water treatment facility,49.3501318695,1.1979887677
France,Water treatment facility,46.7981212455,5.6921491526
France,Water treatment facility,47.4930007069,-1.4270187748
France,Water treatment facility,47.0187400926,-1.5731671460
France,Water treatment facility,44.1890506669,1.6111609461
France,Water treatment facility,42.5633774662,2.9746768188
France,Water treatment facility,47.2188191027,-1.0389420291
France,Water treatment facility,47.8709282038,2.6565896199
France,Water treatment facility,46.9579831128,-1.7575717858
France,Water treatment facility,47.1790489121,-0.8816317590
France,Water treatment facility,48.7177402757,5.6603337747
France,Water treatment facility,43.1937742291,3.0692797552
France,Water treatment facility,47.6652727912,-0.2470287689
France,Water treatment facility,47.1030627661,-1.2986652387
France,Water treatment facility,48.1039397168,0.5781901203
France,Water treatment facility,43.5243304031,1.5268616865
France,Water treatment facility,48.5628699474,-1.5162990842
France,Water treatment facility,45.5955248459,-0.8383588997
France,Water treatment facility,48.0272237550,0.3346462505
France,Water treatment facility,45.0398918652,0.3589682260
France,Water treatment facility,49.9407398687,3.4082704705
France,Water treatment facility,47.2886520963,-0.9212210432
France,Water treatment facility,49.1943105669,1.2170534632
France,Water treatment facility,50.2934908871,3.5602009538
France,Water treatment facility,46.1189962699,1.0434200773
France,Water treatment facility,45.7676896463,5.2207707869
France,Water treatment facility,46.0219222715,-1.1757011505
France,Water treatment facility,49.8745936345,1.1465178870
France,Water treatment facility,49.6029603132,3.2170882221
France,Water treatment facility,50.6389980701,2.7067947786
France,Water treatment facility,47.5037860632,-0.5262838402
France,Water treatment facility,49.2178087249,2.1446675463
France,Water treatment facility,43.6329007661,6.9503855769
France,Water treatment facility,48.4441955040,-4.7282714983
France,Wind farm,48.3740722262,6.4838790307
France,Wind farm,49.8798073703,3.2750622688
France,Wind farm,43.4440076966,4.7867732693
France,Wind farm,48.4807390565,4.0012796198
France,Wind farm,44.1540352419,2.8055195980
France,Wind farm,48.4117473428,-3.2740635561
France,Wind farm,47.5387642117,-1.5688633355
France,Wind farm,43.6200349835,4.7671534206
France,Wind farm,47.2127626361,-0.5502621830
France,Wind farm,48.6692633599,4.0335269191
France,Wind farm,48.4677873334,3.8223246708
France,Wind farm,45.9980477989,-0.7518548221
France,Wind farm,49.1490837508,6.9687035885
France,Wind farm,48.1910445622,2.2231657910
Russia,Shipyard,44.7264209063,37.7796218585
Russia,Shipyard,42.7999992366,132.8833331862
Russia,Shipyard,43.1120192760,131.9077479874
Russia,Shipyard,60.0000828514,29.7043352403
Russia,Shipyard,59.8909309917,30.2269037608
Russia,Solar farm,51.7732621074,87.6090730187
Russia,Solar farm,50.8292569943,36.4807006238
Russia,Storage tank,44.8463763650,41.3208537949
Russia,Storage tank,59.4879172856,32.0707850223
Russia,Storage tank,48.4987241823,135.0420726805
Russia,Storage tank,55.1176016394,73.2603253396
Russia,Storage tank,52.8126669781,79.8894355072
Russia,Storage tank,54.7888493583,83.0758343345
Russia,Storage tank,50.6330421403,137.0633390590
Russia,Storage tank,52.5335143978,103.9381799030
Russia,Storage tank,44.0996035337,39.0912567139
Russia,Storage tank,56.2998646035,38.1620207876
Russia,Storage tank,42.7842662451,132.8821589335
Russia,Storage tank,54.8840652774,56.0891989624
Russia,Storage tank,48.5025133230,44.6178339745
Russia,Storage tank,53.2357160411,50.4599102270
Russia,Storage tank,44.7176001551,44.9980897423
Russia,Storage tank,55.0785050059,73.2536583514
Russia,Storage tank,56.7548502831,60.7940626631
Russia,Storage tank,57.0305359292,34.9826338026
Russia,Storage tank,55.6003847727,51.9787594908
Russia,Storage tank,55.3491460243,85.9664745727
Russia,Storage tank,56.7944274503,36.0106263807
Russia,Storage tank,56.1235783895,44.1114523031
Russia,Storage tank,56.8683781999,59.0597534863
Russia,Storage tank,59.4794401602,32.0689922821
Russia,Storage tank,58.9931079801,55.9347603488
Russia,Storage tank,43.0119562828,47.4589622643
Russia,Storage tank,45.0207218184,39.0560328700
Russia,Storage tank,53.3714757956,83.9386299381
Russia,Storage tank,55.3298146037,64.5120822146
Russia,Storage tank,57.7533376411,41.0265177095
Russia,Storage tank,54.9327565495,56.0674742734
Russia,Storage tank,52.7816042272,103.6155027495
Russia,Storage tank,52.7218556022,58.7125512981
Russia,Storage tank,50.8301384237,115.8109014480
Russia,Storage tank,56.8247201401,60.6826368567
Russia,Storage tank,49.7499883763,43.6709792000
Russia,Storage tank,50.4455017527,136.9000016755
Russia,Storage tank,59.6850536272,56.6809016446
Russia,Storage tank,56.8716338123,60.5802383919
Russia,Storage tank,55.0818835698,73.2459850800
Russia,Storage tank,53.4283817734,55.8871419348
Russia,Storage tank,50.5991199747,36.6161404683
Russia,Storage tank,46.3321255760,48.0839138833
Russia,Storage tank,56.0121309104,92.9452326874
Russia,Storage tank,59.4788484478,32.0762335321
Russia,Storage tank,53.0297076723,49.4254585035
Russia,Storage tank,56.4599287101,90.5495529442
Russia,Storage tank,54.9093433549,56.1697237241
Russia,Storage tank,60.3400237140,28.7253547830
Russia,Storage tank,52.5084618070,103.9347333585
Russia,Storage tank,55.0022740641,82.6492589182
Russia,Water treatment facility,43.1064287511,131.9996527270
Russia,Water treatment facility,53.8541164272,50.2922701000
Russia,Water treatment facility,53.1664347977,91.4800507384
Russia,Water treatment facility,56.0331528834,39.9836980058
Russia,Water treatment facility,55.5852994546,37.7577548984
Russia,Water treatment facility,56.2597225404,93.5204609673
Russia,Water treatment facility,46.6685212025,38.3177656988
Russia,Water treatment facility,60.0153638232,29.7268165861
Russia,Water treatment facility,54.7463895372,61.2910257931
Russia,Water treatment facility,50.8283554107,60.9993697304
Russia,Water treatment facility,57.4461769472,41.1691607241
Russia,Water treatment facility,53.2390390249,44.9527227700
Russia,Water treatment facility,57.6014437397,48.9860765920
Russia,Water treatment facility,59.7616960087,30.6060814194
Russia,Water treatment facility,57.7847393089,29.5512645419
Russia,Water treatment facility,56.1609666707,93.3490228312
Russia,Water treatment facility,51.2629434114,37.6658523531
Russia,Water treatment facility,59.9348234704,31.0027355990
Russia,Water treatment facility,57.7289872935,40.9867321252
Russia,Water treatment facility,56.3645874063,38.6043646385
Russia,Water treatment facility,55.8621667211,39.0674048947
Russia,Water treatment facility,56.1255667958,37.0680415825
Russia,Water treatment facility,54.9391526739,38.0419259312
Russia,Water treatment facility,55.4161307870,36.7196371023
Russia,Water treatment facility,51.2907582764,37.7286862336
Russia,Water treatment facility,59.1495606580,57.5558370984
Russia,Water treatment facility,57.5088497783,60.2502445500
Russia,Wind farm,54.5788216790,54.2503859000
Russia,Wind farm,48.4505509910,135.1566202072
Russia,Wind farm,54.9365624937,20.3718184672
Russia,Wind farm,48.4501509177,135.1566269278
Russia,Wind farm,56.7308164280,37.1180457764
